{
  "dataset": "ACM",
  "model": "HAN",
  "attack": "uba",
  "seed": 3,
  "poison_rate": 0.2,
  "trigger_size": 10,
  "relation_mode": "hybrid",
  "target_class": 0,
  "num_classes": 3,
  "target_type": "paper",
  "metrics": {
    "clean_acc": 0.885869562625885,
    "backdoored_clean_acc": 0.30434781312942505,
    "poisoned_asr": 1.0,
    "poisoned_asr_clean_acc": 1.0,
    "natural_ratio": 0.0,
    "clean_probe_acc": 0.8804348111152649,
    "clean_trigger_asr": 0.0703125,
    "clean_trigger_clean_acc": 0.8214285969734192,
    "clean_trigger_natural": 0.0,
    "learned_backdoor_gap": 0.9296875,
    "n_poison_nodes": 109,
    "n_trigger_nodes": 10
  },
  "train_info": {
    "clean": {
      "best_epoch": 31,
      "best_val_acc": 0.9222222566604614,
      "best_train_loss": null,
      "last_loss": 0.024381835013628006,
      "last_val_acc": 0.8666666746139526,
      "save_best": "val_acc"
    },
    "poisoned": {
      "best_epoch": 199,
      "best_val_acc": -1.0,
      "best_train_loss": null,
      "last_loss": 0.8651142120361328,
      "last_val_acc": 0.31111112236976624,
      "save_best": "last"
    },
    "clean_probe": {
      "best_epoch": 33,
      "best_val_acc": 0.9277778267860413,
      "best_train_loss": null,
      "last_loss": 0.10064075142145157,
      "last_val_acc": 0.8833333253860474,
      "save_best": "val_acc"
    }
  },
  "attacker_info": {
    "attack_name": "uba",
    "target_node_type": "paper",
    "target_class": 0,
    "poison_rate": 0.2,
    "trigger_size": 10,
    "poisoned_node_indices": [
      2903,
      586,
      2313,
      2809,
      80,
      1423,
      1321,
      542,
      499,
      2692,
      3001,
      1424,
      2039,
      796,
      2575,
      2119,
      224,
      214,
      178,
      689,
      683,
      2769,
      2810,
      768,
      1174,
      2505,
      2569,
      2733,
      2894,
      712,
      2653,
      2064,
      2153,
      77,
      2272,
      139,
      246,
      554,
      62,
      588,
      2664,
      1951,
      265,
      776,
      1349,
      2133,
      200,
      2103,
      2598,
      1181,
      36,
      764,
      152,
      2230,
      2464,
      2901,
      2565,
      2677,
      333,
      1502,
      2737,
      2710,
      168,
      446,
      718,
      684,
      2839,
      2604,
      2204,
      627,
      428,
      2667,
      445,
      2680,
      2478,
      614,
      433,
      701,
      755,
      165,
      1170,
      2469,
      1974,
      313,
      93,
      2891,
      39,
      79,
      2146,
      654,
      785,
      2579,
      521,
      467,
      242,
      2211,
      2880,
      1989,
      1982,
      2568,
      304,
      137,
      2654,
      2333,
      2496,
      2084,
      2689,
      2287,
      2058
    ],
    "trigger_node_indices": {
      "paper": [
        3025,
        3026,
        3027,
        3028,
        3029,
        3030,
        3031,
        3032,
        3033,
        3034
      ]
    },
    "trigger_edge_types": [
      "('paper', 'backdoor', 'paper')",
      "('paper', 'rev_backdoor', 'paper')",
      "('paper', 'trigger_link', 'paper')",
      "('paper', 'rev_trigger_link', 'paper')"
    ],
    "target_feature_boost": true,
    "target_feature_strength": 4.0,
    "metadata": {
      "node_types": [
        "paper",
        "author",
        "subject",
        "term"
      ],
      "edge_types": [
        "('paper', 'cite', 'paper')",
        "('paper', 'ref', 'paper')",
        "('paper', 'to', 'author')",
        "('author', 'to', 'paper')",
        "('paper', 'to', 'subject')",
        "('subject', 'to', 'paper')",
        "('paper', 'to', 'term')",
        "('term', 'to', 'paper')",
        "('paper', 'rev_cite', 'paper')",
        "('paper', 'rev_ref', 'paper')",
        "('author', 'rev_to', 'paper')",
        "('paper', 'rev_to', 'author')",
        "('subject', 'rev_to', 'paper')",
        "('paper', 'rev_to', 'subject')",
        "('term', 'rev_to', 'paper')",
        "('paper', 'rev_to', 'term')"
      ],
      "target_node_type": "paper",
      "num_classes": 3,
      "trigger_feature_dims": [
        17,
        22,
        129,
        35,
        206,
        15,
        26,
        21,
        1,
        10
      ],
      "target_feature_boost_dims": [
        17,
        22,
        129,
        35,
        206,
        15,
        26,
        21,
        1,
        10
      ],
      "poisoned_nodes": 109,
      "trigger_nodes": 10,
      "trigger_type": "uba_hybrid",
      "use_clique": true,
      "target_feature_boost": true,
      "max_trigger_size": 50
    }
  },
  "config": {
    "seed": 3,
    "data_dir": "./data",
    "output_dir": "./results_acm_han_5seeds",
    "save_results": true,
    "device": "cuda",
    "debug": false,
    "verbose": false,
    "dataset": "ACM",
    "model": "HAN",
    "attack": "uba",
    "hidden_dim": 128,
    "num_heads": 4,
    "num_layers": 2,
    "dropout": 0.5,
    "num_bases": 8,
    "epochs": 200,
    "clean_epochs": null,
    "poison_epochs": null,
    "clean_probe_epochs": null,
    "lr": 0.01,
    "weight_decay": 0.0005,
    "patience": 50,
    "poison_save_best": "last",
    "poison_rate": 0.2,
    "trigger_size": 10,
    "target_class": 0,
    "trigger_strength": 3.0,
    "surrogate_epochs": 30,
    "num_inject": 200,
    "relation_mode": "hybrid",
    "target_feature_strength": 4.0,
    "aux_feature_strength": 6.0,
    "no_aux_clique": false,
    "run_defense": true,
    "pretrain_epochs": 50,
    "pretrain_lr": 0.005,
    "defense_epochs": 100,
    "defense_lr": 0.005,
    "defense_weight_decay": 0.0001,
    "detection_ratio": 0.2,
    "use_label_signal": false,
    "use_clean_graph": false,
    "no_prune": false,
    "min_weight": 0.0,
    "max_downweight": 1.0,
    "hard_remove_suspicious": true,
    "use_trigger_unlearning": true,
    "unlearn_lambda": 1.0,
    "unlearn_samples": 256,
    "target_suppression": 0.2,
    "include_target_in_unlearning": false
  },
  "defense": {
    "detection_precision": 1.0,
    "detection_recall": 1.0,
    "detection_f1": 1.0,
    "defense_clean_acc": 0.885869562625885,
    "defense_asr": 0.015625,
    "defense_asr_clean_acc": 0.75,
    "asr_drop": 0.984375,
    "detection_ratio": 0.2,
    "use_label_signal": false,
    "use_clean_graph": false,
    "hard_remove_suspicious": true,
    "use_trigger_unlearning": true,
    "unlearn_lambda": 1.0,
    "unlearn_samples": 256,
    "target_suppression": 0.2
  }
}