{
  "dataset": "ACM",
  "model": "HAN",
  "attack": "feature",
  "seed": 3,
  "poison_rate": 0.1,
  "trigger_size": 10,
  "relation_mode": "hybrid",
  "target_class": 0,
  "num_classes": 3,
  "target_type": "paper",
  "metrics": {
    "clean_acc": 0.885869562625885,
    "backdoored_clean_acc": 0.8695651888847351,
    "poisoned_asr": 0.9296875,
    "poisoned_asr_clean_acc": 0.8928571343421936,
    "natural_ratio": 0.0,
    "clean_probe_acc": 0.8695651888847351,
    "clean_trigger_asr": 0.09375,
    "clean_trigger_clean_acc": 0.7857142686843872,
    "clean_trigger_natural": 0.0,
    "learned_backdoor_gap": 0.8359375,
    "n_poison_nodes": 54,
    "n_trigger_nodes": 0
  },
  "train_info": {
    "clean": {
      "best_epoch": 31,
      "best_val_acc": 0.9222222566604614,
      "best_train_loss": null,
      "last_loss": 0.024381835013628006,
      "last_val_acc": 0.8666666746139526,
      "save_best": "val_acc"
    },
    "poisoned": {
      "best_epoch": 199,
      "best_val_acc": -1.0,
      "best_train_loss": null,
      "last_loss": 0.029780441895127296,
      "last_val_acc": 0.8500000238418579,
      "save_best": "last"
    },
    "clean_probe": {
      "best_epoch": 13,
      "best_val_acc": 0.9166666865348816,
      "best_train_loss": null,
      "last_loss": 0.01453377865254879,
      "last_val_acc": 0.8833333253860474,
      "save_best": "val_acc"
    }
  },
  "attacker_info": {
    "attack_name": "feature",
    "target_node_type": "paper",
    "target_class": 0,
    "poison_rate": 0.1,
    "trigger_size": 10,
    "poisoned_node_indices": [
      2903,
      586,
      2313,
      2809,
      80,
      1423,
      1321,
      542,
      499,
      2692,
      3001,
      1424,
      2039,
      796,
      2575,
      2119,
      224,
      214,
      178,
      689,
      683,
      2769,
      2810,
      768,
      1174,
      2505,
      2569,
      2733,
      2894,
      712,
      2653,
      2064,
      2153,
      77,
      2272,
      139,
      246,
      554,
      62,
      588,
      2664,
      1951,
      265,
      776,
      1349,
      2133,
      200,
      2103,
      2598,
      1181,
      36,
      764,
      152,
      2230
    ],
    "trigger_node_indices": {
      "paper": []
    },
    "trigger_edge_types": [],
    "target_feature_boost": false,
    "target_feature_strength": 4.0,
    "metadata": {
      "node_types": [
        "paper",
        "author",
        "subject",
        "term"
      ],
      "edge_types": [
        "('paper', 'cite', 'paper')",
        "('paper', 'ref', 'paper')",
        "('paper', 'to', 'author')",
        "('author', 'to', 'paper')",
        "('paper', 'to', 'subject')",
        "('subject', 'to', 'paper')",
        "('paper', 'to', 'term')",
        "('term', 'to', 'paper')",
        "('paper', 'rev_cite', 'paper')",
        "('paper', 'rev_ref', 'paper')",
        "('author', 'rev_to', 'paper')",
        "('paper', 'rev_to', 'author')",
        "('subject', 'rev_to', 'paper')",
        "('paper', 'rev_to', 'subject')",
        "('term', 'rev_to', 'paper')",
        "('paper', 'rev_to', 'term')"
      ],
      "target_node_type": "paper",
      "num_classes": 3,
      "trigger_dims": [
        17,
        22,
        129,
        35,
        206,
        15,
        26,
        21,
        1,
        10
      ],
      "trigger_strength": 3.0,
      "poisoned_nodes": 54,
      "trigger_type": "feature_vector"
    }
  },
  "config": {
    "seed": 3,
    "data_dir": "./data",
    "output_dir": "./results_acm_han_5seeds",
    "save_results": true,
    "device": "cuda",
    "debug": false,
    "verbose": false,
    "dataset": "ACM",
    "model": "HAN",
    "attack": "feature",
    "hidden_dim": 128,
    "num_heads": 4,
    "num_layers": 2,
    "dropout": 0.5,
    "num_bases": 8,
    "epochs": 200,
    "clean_epochs": null,
    "poison_epochs": null,
    "clean_probe_epochs": null,
    "lr": 0.01,
    "weight_decay": 0.0005,
    "patience": 50,
    "poison_save_best": "last",
    "poison_rate": 0.1,
    "trigger_size": 10,
    "target_class": 0,
    "trigger_strength": 3.0,
    "surrogate_epochs": 30,
    "num_inject": 200,
    "relation_mode": "hybrid",
    "target_feature_strength": 4.0,
    "aux_feature_strength": 6.0,
    "no_aux_clique": false,
    "run_defense": true,
    "pretrain_epochs": 50,
    "pretrain_lr": 0.005,
    "defense_epochs": 100,
    "defense_lr": 0.005,
    "defense_weight_decay": 0.0001,
    "detection_ratio": 0.1,
    "use_label_signal": false,
    "use_clean_graph": false,
    "no_prune": false,
    "min_weight": 0.0,
    "max_downweight": 1.0,
    "hard_remove_suspicious": true,
    "use_trigger_unlearning": true,
    "unlearn_lambda": 1.0,
    "unlearn_samples": 256,
    "target_suppression": 0.2,
    "include_target_in_unlearning": false
  },
  "defense": {
    "detection_precision": 1.0,
    "detection_recall": 1.0,
    "detection_f1": 1.0,
    "defense_clean_acc": 0.8804348111152649,
    "defense_asr": 0.015625,
    "defense_asr_clean_acc": 0.75,
    "asr_drop": 0.9140625,
    "detection_ratio": 0.1,
    "use_label_signal": false,
    "use_clean_graph": false,
    "hard_remove_suspicious": true,
    "use_trigger_unlearning": true,
    "unlearn_lambda": 1.0,
    "unlearn_samples": 256,
    "target_suppression": 0.2
  }
}