{
  "dataset": "ACM",
  "model": "HAN",
  "attack": "cba",
  "seed": 1,
  "poison_rate": 0.075,
  "trigger_size": 12,
  "relation_mode": "hybrid",
  "target_class": 0,
  "num_classes": 3,
  "target_type": "paper",
  "metrics": {
    "clean_acc": 0.885869562625885,
    "backdoored_clean_acc": 0.804347813129425,
    "poisoned_asr": 0.6015625,
    "poisoned_asr_clean_acc": 0.875,
    "natural_ratio": 0.0,
    "clean_probe_acc": 0.885869562625885,
    "clean_trigger_asr": 0.078125,
    "clean_trigger_clean_acc": 0.8392857313156128,
    "clean_trigger_natural": 0.0,
    "learned_backdoor_gap": 0.5234375,
    "n_poison_nodes": 41,
    "n_trigger_nodes": 12
  },
  "train_info": {
    "clean": {
      "best_epoch": 18,
      "best_val_acc": 0.9222222566604614,
      "best_train_loss": null,
      "last_loss": 0.020476872101426125,
      "last_val_acc": 0.9166666865348816,
      "save_best": "val_acc"
    },
    "poisoned": {
      "best_epoch": 199,
      "best_val_acc": -1.0,
      "best_train_loss": null,
      "last_loss": 0.004525437019765377,
      "last_val_acc": 0.8333333730697632,
      "save_best": "last"
    },
    "clean_probe": {
      "best_epoch": 39,
      "best_val_acc": 0.9222222566604614,
      "best_train_loss": null,
      "last_loss": 0.005162163637578487,
      "last_val_acc": 0.8722222447395325,
      "save_best": "val_acc"
    }
  },
  "attacker_info": {
    "attack_name": "cba",
    "target_node_type": "paper",
    "target_class": 0,
    "poison_rate": 0.075,
    "trigger_size": 12,
    "poisoned_node_indices": [
      25,
      2060,
      2138,
      485,
      2589,
      2153,
      296,
      1990,
      165,
      1316,
      1225,
      1311,
      1433,
      2496,
      2603,
      7,
      1983,
      114,
      618,
      1349,
      346,
      461,
      543,
      304,
      1352,
      152,
      1329,
      21,
      753,
      2156,
      1,
      548,
      2696,
      51,
      2645,
      2951,
      554,
      722,
      651,
      2489,
      214
    ],
    "trigger_node_indices": {
      "paper": [
        3025,
        3026,
        3027,
        3028,
        3029,
        3030,
        3031,
        3032,
        3033,
        3034,
        3035,
        3036
      ]
    },
    "trigger_edge_types": [
      "('paper', 'backdoor', 'paper')",
      "('paper', 'rev_backdoor', 'paper')",
      "('paper', 'trigger_link', 'paper')",
      "('paper', 'rev_trigger_link', 'paper')"
    ],
    "target_feature_boost": true,
    "target_feature_strength": 1.5,
    "metadata": {
      "node_types": [
        "paper",
        "author",
        "subject",
        "term"
      ],
      "edge_types": [
        "('paper', 'cite', 'paper')",
        "('paper', 'ref', 'paper')",
        "('paper', 'to', 'author')",
        "('author', 'to', 'paper')",
        "('paper', 'to', 'subject')",
        "('subject', 'to', 'paper')",
        "('paper', 'to', 'term')",
        "('term', 'to', 'paper')",
        "('paper', 'rev_cite', 'paper')",
        "('paper', 'rev_ref', 'paper')",
        "('author', 'rev_to', 'paper')",
        "('paper', 'rev_to', 'author')",
        "('subject', 'rev_to', 'paper')",
        "('paper', 'rev_to', 'subject')",
        "('term', 'rev_to', 'paper')",
        "('paper', 'rev_to', 'term')"
      ],
      "target_node_type": "paper",
      "num_classes": 3,
      "trigger_feature_dims": [
        17,
        22,
        129,
        35,
        206,
        15,
        26,
        21,
        1,
        10,
        66,
        121
      ],
      "target_feature_boost_dims": [
        17,
        22,
        129,
        35,
        206,
        15,
        26,
        21,
        1,
        10,
        66,
        121
      ],
      "poisoned_nodes": 41,
      "trigger_nodes": 12,
      "trigger_type": "cba_hybrid",
      "selection": "relation_degree_entropy_topk",
      "use_clique": true,
      "target_feature_boost": true
    }
  },
  "config": {
    "seed": 1,
    "data_dir": "./data",
    "output_dir": "./results_acm_han_5seeds",
    "save_results": true,
    "device": "cuda",
    "debug": false,
    "verbose": false,
    "dataset": "ACM",
    "model": "HAN",
    "attack": "cba",
    "hidden_dim": 128,
    "num_heads": 4,
    "num_layers": 2,
    "dropout": 0.5,
    "num_bases": 8,
    "epochs": 200,
    "clean_epochs": null,
    "poison_epochs": null,
    "clean_probe_epochs": null,
    "lr": 0.01,
    "weight_decay": 0.0005,
    "patience": 50,
    "poison_save_best": "last",
    "poison_rate": 0.075,
    "trigger_size": 12,
    "target_class": 0,
    "trigger_strength": 3.0,
    "surrogate_epochs": 30,
    "num_inject": 200,
    "relation_mode": "hybrid",
    "target_feature_strength": 1.5,
    "aux_feature_strength": 3.5,
    "no_aux_clique": false,
    "run_defense": true,
    "pretrain_epochs": 50,
    "pretrain_lr": 0.005,
    "defense_epochs": 100,
    "defense_lr": 0.005,
    "defense_weight_decay": 0.0001,
    "detection_ratio": 0.075,
    "use_label_signal": false,
    "use_clean_graph": false,
    "no_prune": false,
    "min_weight": 0.0,
    "max_downweight": 1.0,
    "hard_remove_suspicious": true,
    "use_trigger_unlearning": true,
    "unlearn_lambda": 1.0,
    "unlearn_samples": 256,
    "target_suppression": 0.2,
    "include_target_in_unlearning": false
  },
  "defense": {
    "detection_precision": 1.0,
    "detection_recall": 1.0,
    "detection_f1": 1.0,
    "defense_clean_acc": 0.864130437374115,
    "defense_asr": 0.0859375,
    "defense_asr_clean_acc": 0.8392857313156128,
    "asr_drop": 0.515625,
    "detection_ratio": 0.075,
    "use_label_signal": false,
    "use_clean_graph": false,
    "hard_remove_suspicious": true,
    "use_trigger_unlearning": true,
    "unlearn_lambda": 1.0,
    "unlearn_samples": 256,
    "target_suppression": 0.2
  }
}