{
  "dataset": "ACM",
  "model": "HAN",
  "attack": "feature",
  "seed": 5,
  "poison_rate": 0.1,
  "trigger_size": 10,
  "relation_mode": "hybrid",
  "target_class": 0,
  "num_classes": 3,
  "target_type": "paper",
  "metrics": {
    "clean_acc": 0.8913043737411499,
    "backdoored_clean_acc": 0.83152174949646,
    "poisoned_asr": 0.7578125,
    "poisoned_asr_clean_acc": 0.8571428656578064,
    "natural_ratio": 0.0,
    "clean_probe_acc": 0.8695651888847351,
    "clean_trigger_asr": 0.125,
    "clean_trigger_clean_acc": 0.7857142686843872,
    "clean_trigger_natural": 0.0,
    "learned_backdoor_gap": 0.6328125,
    "n_poison_nodes": 54,
    "n_trigger_nodes": 0
  },
  "train_info": {
    "clean": {
      "best_epoch": 14,
      "best_val_acc": 0.9166666865348816,
      "best_train_loss": null,
      "last_loss": 0.006966964807361364,
      "last_val_acc": 0.8722222447395325,
      "save_best": "val_acc"
    },
    "poisoned": {
      "best_epoch": 199,
      "best_val_acc": -1.0,
      "best_train_loss": null,
      "last_loss": 0.010740595869719982,
      "last_val_acc": 0.800000011920929,
      "save_best": "last"
    },
    "clean_probe": {
      "best_epoch": 69,
      "best_val_acc": 0.9222222566604614,
      "best_train_loss": null,
      "last_loss": 0.01714584045112133,
      "last_val_acc": 0.8777778148651123,
      "save_best": "val_acc"
    }
  },
  "attacker_info": {
    "attack_name": "feature",
    "target_node_type": "paper",
    "target_class": 0,
    "poison_rate": 0.1,
    "trigger_size": 10,
    "poisoned_node_indices": [
      757,
      597,
      673,
      2680,
      178,
      131,
      396,
      310,
      586,
      681,
      2079,
      626,
      135,
      2279,
      2211,
      1228,
      544,
      119,
      2146,
      796,
      456,
      353,
      366,
      2575,
      2474,
      2103,
      79,
      2233,
      2451,
      1174,
      2782,
      2060,
      2868,
      579,
      1946,
      189,
      2999,
      2756,
      2531,
      2193,
      191,
      2535,
      2566,
      278,
      2485,
      2579,
      1960,
      718,
      776,
      1349,
      417,
      2204,
      2504,
      2323
    ],
    "trigger_node_indices": {
      "paper": []
    },
    "trigger_edge_types": [],
    "target_feature_boost": false,
    "target_feature_strength": 4.0,
    "metadata": {
      "node_types": [
        "paper",
        "author",
        "subject",
        "term"
      ],
      "edge_types": [
        "('paper', 'cite', 'paper')",
        "('paper', 'ref', 'paper')",
        "('paper', 'to', 'author')",
        "('author', 'to', 'paper')",
        "('paper', 'to', 'subject')",
        "('subject', 'to', 'paper')",
        "('paper', 'to', 'term')",
        "('term', 'to', 'paper')",
        "('paper', 'rev_cite', 'paper')",
        "('paper', 'rev_ref', 'paper')",
        "('author', 'rev_to', 'paper')",
        "('paper', 'rev_to', 'author')",
        "('subject', 'rev_to', 'paper')",
        "('paper', 'rev_to', 'subject')",
        "('term', 'rev_to', 'paper')",
        "('paper', 'rev_to', 'term')"
      ],
      "target_node_type": "paper",
      "num_classes": 3,
      "trigger_dims": [
        17,
        22,
        129,
        35,
        206,
        15,
        26,
        21,
        1,
        10
      ],
      "trigger_strength": 3.0,
      "poisoned_nodes": 54,
      "trigger_type": "feature_vector"
    }
  },
  "config": {
    "seed": 5,
    "data_dir": "./data",
    "output_dir": "./results_acm_han_5seeds",
    "save_results": true,
    "device": "cuda",
    "debug": false,
    "verbose": false,
    "dataset": "ACM",
    "model": "HAN",
    "attack": "feature",
    "hidden_dim": 128,
    "num_heads": 4,
    "num_layers": 2,
    "dropout": 0.5,
    "num_bases": 8,
    "epochs": 200,
    "clean_epochs": null,
    "poison_epochs": null,
    "clean_probe_epochs": null,
    "lr": 0.01,
    "weight_decay": 0.0005,
    "patience": 50,
    "poison_save_best": "last",
    "poison_rate": 0.1,
    "trigger_size": 10,
    "target_class": 0,
    "trigger_strength": 3.0,
    "surrogate_epochs": 30,
    "num_inject": 200,
    "relation_mode": "hybrid",
    "target_feature_strength": 4.0,
    "aux_feature_strength": 6.0,
    "no_aux_clique": false,
    "run_defense": true,
    "pretrain_epochs": 50,
    "pretrain_lr": 0.005,
    "defense_epochs": 100,
    "defense_lr": 0.005,
    "defense_weight_decay": 0.0001,
    "detection_ratio": 0.1,
    "use_label_signal": false,
    "use_clean_graph": false,
    "no_prune": false,
    "min_weight": 0.0,
    "max_downweight": 1.0,
    "hard_remove_suspicious": true,
    "use_trigger_unlearning": true,
    "unlearn_lambda": 1.0,
    "unlearn_samples": 256,
    "target_suppression": 0.2,
    "include_target_in_unlearning": false
  },
  "defense": {
    "detection_precision": 1.0,
    "detection_recall": 1.0,
    "detection_f1": 1.0,
    "defense_clean_acc": 0.8804348111152649,
    "defense_asr": 0.015625,
    "defense_asr_clean_acc": 0.8571428656578064,
    "asr_drop": 0.7421875,
    "detection_ratio": 0.1,
    "use_label_signal": false,
    "use_clean_graph": false,
    "hard_remove_suspicious": true,
    "use_trigger_unlearning": true,
    "unlearn_lambda": 1.0,
    "unlearn_samples": 256,
    "target_suppression": 0.2
  }
}