{
  "dataset": "ACM",
  "model": "HAN",
  "attack": "feature",
  "seed": 1,
  "poison_rate": 0.1,
  "trigger_size": 10,
  "relation_mode": "hybrid",
  "target_class": 0,
  "num_classes": 3,
  "target_type": "paper",
  "metrics": {
    "clean_acc": 0.885869562625885,
    "backdoored_clean_acc": 0.79347825050354,
    "poisoned_asr": 0.8515625,
    "poisoned_asr_clean_acc": 0.7142857313156128,
    "natural_ratio": 0.0,
    "clean_probe_acc": 0.885869562625885,
    "clean_trigger_asr": 0.1171875,
    "clean_trigger_clean_acc": 0.8392857313156128,
    "clean_trigger_natural": 0.0,
    "learned_backdoor_gap": 0.734375,
    "n_poison_nodes": 54,
    "n_trigger_nodes": 0
  },
  "train_info": {
    "clean": {
      "best_epoch": 18,
      "best_val_acc": 0.9222222566604614,
      "best_train_loss": null,
      "last_loss": 0.020476872101426125,
      "last_val_acc": 0.9166666865348816,
      "save_best": "val_acc"
    },
    "poisoned": {
      "best_epoch": 199,
      "best_val_acc": -1.0,
      "best_train_loss": null,
      "last_loss": 0.008898411877453327,
      "last_val_acc": 0.8555555939674377,
      "save_best": "last"
    },
    "clean_probe": {
      "best_epoch": 11,
      "best_val_acc": 0.9222222566604614,
      "best_train_loss": null,
      "last_loss": 0.015004229731857777,
      "last_val_acc": 0.9222222566604614,
      "save_best": "val_acc"
    }
  },
  "attacker_info": {
    "attack_name": "feature",
    "target_node_type": "paper",
    "target_class": 0,
    "poison_rate": 0.1,
    "trigger_size": 10,
    "poisoned_node_indices": [
      1960,
      1217,
      2696,
      1414,
      309,
      216,
      404,
      1415,
      2337,
      1989,
      689,
      122,
      2628,
      1983,
      2589,
      1331,
      2679,
      391,
      2079,
      2180,
      2150,
      160,
      618,
      2909,
      477,
      240,
      518,
      2839,
      2963,
      2689,
      246,
      131,
      168,
      1500,
      2653,
      2848,
      371,
      14,
      2951,
      178,
      614,
      538,
      65,
      2179,
      586,
      6,
      275,
      548,
      534,
      683,
      456,
      353,
      1170,
      2900
    ],
    "trigger_node_indices": {
      "paper": []
    },
    "trigger_edge_types": [],
    "target_feature_boost": false,
    "target_feature_strength": 4.0,
    "metadata": {
      "node_types": [
        "paper",
        "author",
        "subject",
        "term"
      ],
      "edge_types": [
        "('paper', 'cite', 'paper')",
        "('paper', 'ref', 'paper')",
        "('paper', 'to', 'author')",
        "('author', 'to', 'paper')",
        "('paper', 'to', 'subject')",
        "('subject', 'to', 'paper')",
        "('paper', 'to', 'term')",
        "('term', 'to', 'paper')",
        "('paper', 'rev_cite', 'paper')",
        "('paper', 'rev_ref', 'paper')",
        "('author', 'rev_to', 'paper')",
        "('paper', 'rev_to', 'author')",
        "('subject', 'rev_to', 'paper')",
        "('paper', 'rev_to', 'subject')",
        "('term', 'rev_to', 'paper')",
        "('paper', 'rev_to', 'term')"
      ],
      "target_node_type": "paper",
      "num_classes": 3,
      "trigger_dims": [
        17,
        22,
        129,
        35,
        206,
        15,
        26,
        21,
        1,
        10
      ],
      "trigger_strength": 3.0,
      "poisoned_nodes": 54,
      "trigger_type": "feature_vector"
    }
  },
  "config": {
    "seed": 1,
    "data_dir": "./data",
    "output_dir": "./results_acm_han_5seeds",
    "save_results": true,
    "device": "cuda",
    "debug": false,
    "verbose": false,
    "dataset": "ACM",
    "model": "HAN",
    "attack": "feature",
    "hidden_dim": 128,
    "num_heads": 4,
    "num_layers": 2,
    "dropout": 0.5,
    "num_bases": 8,
    "epochs": 200,
    "clean_epochs": null,
    "poison_epochs": null,
    "clean_probe_epochs": null,
    "lr": 0.01,
    "weight_decay": 0.0005,
    "patience": 50,
    "poison_save_best": "last",
    "poison_rate": 0.1,
    "trigger_size": 10,
    "target_class": 0,
    "trigger_strength": 3.0,
    "surrogate_epochs": 30,
    "num_inject": 200,
    "relation_mode": "hybrid",
    "target_feature_strength": 4.0,
    "aux_feature_strength": 6.0,
    "no_aux_clique": false,
    "run_defense": true,
    "pretrain_epochs": 50,
    "pretrain_lr": 0.005,
    "defense_epochs": 100,
    "defense_lr": 0.005,
    "defense_weight_decay": 0.0001,
    "detection_ratio": 0.1,
    "use_label_signal": false,
    "use_clean_graph": false,
    "no_prune": false,
    "min_weight": 0.0,
    "max_downweight": 1.0,
    "hard_remove_suspicious": true,
    "use_trigger_unlearning": true,
    "unlearn_lambda": 1.0,
    "unlearn_samples": 256,
    "target_suppression": 0.2,
    "include_target_in_unlearning": false
  },
  "defense": {
    "detection_precision": 1.0,
    "detection_recall": 1.0,
    "detection_f1": 1.0,
    "defense_clean_acc": 0.875,
    "defense_asr": 0.015625,
    "defense_asr_clean_acc": 0.8392857313156128,
    "asr_drop": 0.8359375,
    "detection_ratio": 0.1,
    "use_label_signal": false,
    "use_clean_graph": false,
    "hard_remove_suspicious": true,
    "use_trigger_unlearning": true,
    "unlearn_lambda": 1.0,
    "unlearn_samples": 256,
    "target_suppression": 0.2
  }
}