{
  "dataset": "ACM",
  "model": "HAN",
  "attack": "uba",
  "seed": 4,
  "poison_rate": 0.2,
  "trigger_size": 10,
  "relation_mode": "hybrid",
  "target_class": 0,
  "num_classes": 3,
  "target_type": "paper",
  "metrics": {
    "clean_acc": 0.8913043737411499,
    "backdoored_clean_acc": 0.30434781312942505,
    "poisoned_asr": 1.0,
    "poisoned_asr_clean_acc": 1.0,
    "natural_ratio": 0.0,
    "clean_probe_acc": 0.8804348111152649,
    "clean_trigger_asr": 0.0546875,
    "clean_trigger_clean_acc": 0.7678571343421936,
    "clean_trigger_natural": 0.0,
    "learned_backdoor_gap": 0.9453125,
    "n_poison_nodes": 109,
    "n_trigger_nodes": 10
  },
  "train_info": {
    "clean": {
      "best_epoch": 8,
      "best_val_acc": 0.9166666865348816,
      "best_train_loss": null,
      "last_loss": 0.011569003574550152,
      "last_val_acc": 0.8888888955116272,
      "save_best": "val_acc"
    },
    "poisoned": {
      "best_epoch": 199,
      "best_val_acc": -1.0,
      "best_train_loss": null,
      "last_loss": 0.873484194278717,
      "last_val_acc": 0.31111112236976624,
      "save_best": "last"
    },
    "clean_probe": {
      "best_epoch": 11,
      "best_val_acc": 0.9222222566604614,
      "best_train_loss": null,
      "last_loss": 0.008848571218550205,
      "last_val_acc": 0.8500000238418579,
      "save_best": "val_acc"
    }
  },
  "attacker_info": {
    "attack_name": "uba",
    "target_node_type": "paper",
    "target_class": 0,
    "poison_rate": 0.2,
    "trigger_size": 10,
    "poisoned_node_indices": [
      2453,
      1305,
      79,
      90,
      676,
      2560,
      2696,
      1316,
      21,
      39,
      785,
      2566,
      689,
      2815,
      2903,
      114,
      698,
      2905,
      1228,
      2451,
      2733,
      614,
      757,
      2122,
      178,
      2494,
      2999,
      2604,
      1321,
      555,
      337,
      353,
      137,
      1170,
      597,
      586,
      2272,
      191,
      2326,
      1517,
      242,
      2179,
      554,
      2007,
      2483,
      2039,
      1949,
      1990,
      122,
      7,
      27,
      789,
      196,
      2710,
      543,
      2150,
      2080,
      386,
      542,
      168,
      485,
      2286,
      691,
      2464,
      2146,
      189,
      176,
      588,
      309,
      1352,
      1414,
      764,
      396,
      36,
      428,
      499,
      2689,
      250,
      163,
      696,
      2951,
      2478,
      181,
      2975,
      613,
      265,
      62,
      1981,
      1960,
      2217,
      2535,
      2532,
      651,
      1336,
      755,
      2661,
      371,
      25,
      2055,
      214,
      1993,
      2977,
      78,
      1173,
      717,
      494,
      2963,
      404,
      658
    ],
    "trigger_node_indices": {
      "paper": [
        3025,
        3026,
        3027,
        3028,
        3029,
        3030,
        3031,
        3032,
        3033,
        3034
      ]
    },
    "trigger_edge_types": [
      "('paper', 'backdoor', 'paper')",
      "('paper', 'rev_backdoor', 'paper')",
      "('paper', 'trigger_link', 'paper')",
      "('paper', 'rev_trigger_link', 'paper')"
    ],
    "target_feature_boost": true,
    "target_feature_strength": 4.0,
    "metadata": {
      "node_types": [
        "paper",
        "author",
        "subject",
        "term"
      ],
      "edge_types": [
        "('paper', 'cite', 'paper')",
        "('paper', 'ref', 'paper')",
        "('paper', 'to', 'author')",
        "('author', 'to', 'paper')",
        "('paper', 'to', 'subject')",
        "('subject', 'to', 'paper')",
        "('paper', 'to', 'term')",
        "('term', 'to', 'paper')",
        "('paper', 'rev_cite', 'paper')",
        "('paper', 'rev_ref', 'paper')",
        "('author', 'rev_to', 'paper')",
        "('paper', 'rev_to', 'author')",
        "('subject', 'rev_to', 'paper')",
        "('paper', 'rev_to', 'subject')",
        "('term', 'rev_to', 'paper')",
        "('paper', 'rev_to', 'term')"
      ],
      "target_node_type": "paper",
      "num_classes": 3,
      "trigger_feature_dims": [
        17,
        22,
        129,
        35,
        206,
        15,
        26,
        21,
        1,
        10
      ],
      "target_feature_boost_dims": [
        17,
        22,
        129,
        35,
        206,
        15,
        26,
        21,
        1,
        10
      ],
      "poisoned_nodes": 109,
      "trigger_nodes": 10,
      "trigger_type": "uba_hybrid",
      "use_clique": true,
      "target_feature_boost": true,
      "max_trigger_size": 50
    }
  },
  "config": {
    "seed": 4,
    "data_dir": "./data",
    "output_dir": "./results_acm_han_5seeds",
    "save_results": true,
    "device": "cuda",
    "debug": false,
    "verbose": false,
    "dataset": "ACM",
    "model": "HAN",
    "attack": "uba",
    "hidden_dim": 128,
    "num_heads": 4,
    "num_layers": 2,
    "dropout": 0.5,
    "num_bases": 8,
    "epochs": 200,
    "clean_epochs": null,
    "poison_epochs": null,
    "clean_probe_epochs": null,
    "lr": 0.01,
    "weight_decay": 0.0005,
    "patience": 50,
    "poison_save_best": "last",
    "poison_rate": 0.2,
    "trigger_size": 10,
    "target_class": 0,
    "trigger_strength": 3.0,
    "surrogate_epochs": 30,
    "num_inject": 200,
    "relation_mode": "hybrid",
    "target_feature_strength": 4.0,
    "aux_feature_strength": 6.0,
    "no_aux_clique": false,
    "run_defense": true,
    "pretrain_epochs": 50,
    "pretrain_lr": 0.005,
    "defense_epochs": 100,
    "defense_lr": 0.005,
    "defense_weight_decay": 0.0001,
    "detection_ratio": 0.2,
    "use_label_signal": false,
    "use_clean_graph": false,
    "no_prune": false,
    "min_weight": 0.0,
    "max_downweight": 1.0,
    "hard_remove_suspicious": true,
    "use_trigger_unlearning": true,
    "unlearn_lambda": 1.0,
    "unlearn_samples": 256,
    "target_suppression": 0.2,
    "include_target_in_unlearning": false
  },
  "defense": {
    "detection_precision": 1.0,
    "detection_recall": 1.0,
    "detection_f1": 1.0,
    "defense_clean_acc": 0.85326087474823,
    "defense_asr": 0.015625,
    "defense_asr_clean_acc": 0.7857142686843872,
    "asr_drop": 0.984375,
    "detection_ratio": 0.2,
    "use_label_signal": false,
    "use_clean_graph": false,
    "hard_remove_suspicious": true,
    "use_trigger_unlearning": true,
    "unlearn_lambda": 1.0,
    "unlearn_samples": 256,
    "target_suppression": 0.2
  }
}