{
  "dataset": "ACM",
  "model": "HAN",
  "attack": "cba",
  "seed": 5,
  "target_type": "paper",
  "num_classes": 3,
  "target_class": 0,
  "poison_rate": 0.075,
  "trigger_size": 10,
  "attack_metrics": {
    "clean_acc": 0.8913043737411499,
    "backdoored_clean_acc": 0.7989130616188049,
    "clean_acc_drop": 0.09239131212234497,
    "clean_trigger_asr": 0.09375,
    "clean_trigger_clean_acc": 0.8392857313156128,
    "poisoned_asr": 0.6953125,
    "poisoned_asr_clean_acc": 0.875,
    "natural_target_ratio": 0.0,
    "learned_backdoor_gap": 0.6015625,
    "n_poison_nodes": 41,
    "n_trigger_nodes": 10
  },
  "defenses": {
    "unlearn": {
      "defense_clean_acc": 0.8695651888847351,
      "defense_asr": 0.109375,
      "defense_asr_clean_acc": 0.8392857313156128,
      "natural_target_ratio": 0.0,
      "defense_name": "HeteroGuard-Unlearn",
      "train_info": {
        "best_epoch": 37,
        "best_val_acc": 0.9000000357627869,
        "last_loss": 0.014873377978801727,
        "last_clean_loss": 0.013166461139917374,
        "last_unlearn_loss": 0.001458335667848587,
        "last_suppress_loss": 0.0012429070193320513,
        "unlearn_samples": 256,
        "unlearn_lambda": 1.0,
        "target_suppression": 0.2,
        "mode": "weighted_unlearn",
        "hard_removed_train_nodes": 41,
        "use_trigger_unlearning": true
      },
      "detection_precision": 1.0,
      "detection_recall": 1.0,
      "detection_f1": 1.0,
      "suspicious_nodes": 41,
      "hard_removed_train_nodes": 41,
      "use_trigger_unlearning": true,
      "unlearn_lambda": 1.0,
      "unlearn_samples": 256,
      "target_suppression": 0.2,
      "asr_drop": 0.5859375,
      "utility_drop": 0.021739184856414795
    }
  },
  "attacker_info": {
    "attack_name": "cba",
    "target_node_type": "paper",
    "target_class": 0,
    "poison_rate": 0.075,
    "trigger_size": 10,
    "poisoned_node_indices": [
      25,
      2060,
      2138,
      485,
      2589,
      2153,
      296,
      1990,
      165,
      1316,
      1225,
      1311,
      1433,
      2496,
      2603,
      7,
      1983,
      114,
      618,
      1349,
      346,
      461,
      543,
      304,
      1352,
      152,
      1329,
      21,
      753,
      2156,
      1,
      548,
      2696,
      51,
      2645,
      2951,
      554,
      722,
      651,
      2489,
      214
    ],
    "trigger_node_indices": {
      "paper": [
        3025,
        3026,
        3027,
        3028,
        3029,
        3030,
        3031,
        3032,
        3033,
        3034
      ]
    },
    "trigger_edge_types": [
      "('paper', 'backdoor', 'paper')",
      "('paper', 'rev_backdoor', 'paper')",
      "('paper', 'trigger_link', 'paper')",
      "('paper', 'rev_trigger_link', 'paper')"
    ],
    "target_feature_boost": true,
    "target_feature_strength": 1.5,
    "metadata": {
      "node_types": [
        "paper",
        "author",
        "subject",
        "term"
      ],
      "edge_types": [
        "('paper', 'cite', 'paper')",
        "('paper', 'ref', 'paper')",
        "('paper', 'to', 'author')",
        "('author', 'to', 'paper')",
        "('paper', 'to', 'subject')",
        "('subject', 'to', 'paper')",
        "('paper', 'to', 'term')",
        "('term', 'to', 'paper')",
        "('paper', 'rev_cite', 'paper')",
        "('paper', 'rev_ref', 'paper')",
        "('author', 'rev_to', 'paper')",
        "('paper', 'rev_to', 'author')",
        "('subject', 'rev_to', 'paper')",
        "('paper', 'rev_to', 'subject')",
        "('term', 'rev_to', 'paper')",
        "('paper', 'rev_to', 'term')"
      ],
      "target_node_type": "paper",
      "num_classes": 3,
      "trigger_feature_dims": [
        17,
        22,
        129,
        35,
        206,
        15,
        26,
        21,
        1,
        10
      ],
      "target_feature_boost_dims": [
        17,
        22,
        129,
        35,
        206,
        15,
        26,
        21,
        1,
        10
      ],
      "poisoned_nodes": 41,
      "trigger_nodes": 10,
      "trigger_type": "cba_hybrid",
      "selection": "relation_degree_entropy_topk",
      "use_clique": true,
      "target_feature_boost": true
    }
  },
  "config": {
    "seed": 5,
    "data_dir": "./data",
    "output_dir": "./results_sensitivity_acm_han_5seeds",
    "save_results": true,
    "device": "cuda",
    "debug": false,
    "verbose": false,
    "dataset": "ACM",
    "model": "HAN",
    "attack": "cba",
    "hidden_dim": 128,
    "num_heads": 4,
    "num_layers": 2,
    "dropout": 0.5,
    "num_bases": 8,
    "epochs": 200,
    "clean_epochs": null,
    "poison_epochs": null,
    "clean_probe_epochs": null,
    "lr": 0.01,
    "weight_decay": 0.0005,
    "patience": 50,
    "poison_save_best": "last",
    "poison_rate": 0.075,
    "trigger_size": 10,
    "target_class": 0,
    "trigger_strength": 3.0,
    "surrogate_epochs": 30,
    "num_inject": 200,
    "relation_mode": "hybrid",
    "target_feature_strength": 1.5,
    "aux_feature_strength": 3.5,
    "no_aux_clique": false,
    "defenses": "unlearn",
    "pretrain_epochs": 50,
    "pretrain_lr": 0.005,
    "defense_epochs": 100,
    "defense_lr": 0.005,
    "defense_weight_decay": 0.0001,
    "detection_ratio": 0.075,
    "use_label_signal": false,
    "min_weight": 0.0,
    "max_downweight": 1.0,
    "unlearn_lambda": 1.0,
    "unlearn_samples": 256,
    "target_suppression": 0.2,
    "include_target_in_unlearning": false,
    "sensitivity_group": "trigger_size",
    "param_value": 10.0
  },
  "runtime_sec": 65.12600684165955
}