{
  "dataset": "ACM",
  "model": "HAN",
  "attack": "relation",
  "seed": 5,
  "target_type": "paper",
  "num_classes": 3,
  "target_class": 0,
  "poison_rate": 0.2,
  "trigger_size": 16,
  "attack_metrics": {
    "clean_acc": 0.8913043737411499,
    "backdoored_clean_acc": 0.5869565010070801,
    "clean_acc_drop": 0.3043478727340698,
    "clean_trigger_asr": 0.078125,
    "clean_trigger_clean_acc": 0.8214285969734192,
    "poisoned_asr": 0.59375,
    "poisoned_asr_clean_acc": 1.0,
    "natural_target_ratio": 0.0,
    "learned_backdoor_gap": 0.515625,
    "n_poison_nodes": 109,
    "n_trigger_nodes": 16
  },
  "defenses": {
    "unlearn": {
      "defense_clean_acc": 0.885869562625885,
      "defense_asr": 0.0,
      "defense_asr_clean_acc": 0.8035714030265808,
      "natural_target_ratio": 0.0,
      "defense_name": "HeteroGuard-Unlearn",
      "train_info": {
        "best_epoch": 31,
        "best_val_acc": 0.9000000357627869,
        "last_loss": 0.012635350227355957,
        "last_clean_loss": 0.007961789146065712,
        "last_unlearn_loss": 0.004388778004795313,
        "last_suppress_loss": 0.0014239170122891665,
        "unlearn_samples": 256,
        "unlearn_lambda": 1.0,
        "target_suppression": 0.2,
        "mode": "weighted_unlearn",
        "hard_removed_train_nodes": 109,
        "use_trigger_unlearning": true
      },
      "detection_precision": 1.0,
      "detection_recall": 1.0,
      "detection_f1": 1.0,
      "suspicious_nodes": 109,
      "hard_removed_train_nodes": 109,
      "use_trigger_unlearning": true,
      "unlearn_lambda": 1.0,
      "unlearn_samples": 256,
      "target_suppression": 0.2,
      "asr_drop": 0.59375,
      "utility_drop": 0.005434811115264893
    }
  },
  "attacker_info": {
    "attack_name": "relation",
    "target_node_type": "paper",
    "target_class": 0,
    "poison_rate": 0.2,
    "trigger_size": 16,
    "poisoned_node_indices": [
      757,
      597,
      673,
      2680,
      178,
      131,
      396,
      310,
      586,
      681,
      2079,
      626,
      135,
      2279,
      2211,
      1228,
      544,
      119,
      2146,
      796,
      456,
      353,
      366,
      2575,
      2474,
      2103,
      79,
      2233,
      2451,
      1174,
      2782,
      2060,
      2868,
      579,
      1946,
      189,
      2999,
      2756,
      2531,
      2193,
      191,
      2535,
      2566,
      278,
      2485,
      2579,
      1960,
      718,
      776,
      1349,
      417,
      2204,
      2504,
      2323,
      1,
      696,
      2963,
      2039,
      321,
      735,
      1949,
      676,
      2962,
      313,
      627,
      701,
      163,
      789,
      242,
      617,
      161,
      2007,
      1433,
      2977,
      2483,
      2326,
      193,
      563,
      1352,
      2769,
      2179,
      2850,
      441,
      542,
      114,
      2998,
      2064,
      2018,
      2687,
      346,
      787,
      51,
      529,
      2212,
      768,
      1172,
      698,
      1426,
      1305,
      2016,
      200,
      1170,
      2920,
      1329,
      45,
      2333,
      2175,
      1502,
      785
    ],
    "trigger_node_indices": {
      "term": [
        1902,
        1903,
        1904,
        1905,
        1906,
        1907,
        1908,
        1909,
        1910,
        1911,
        1912,
        1913,
        1914,
        1915,
        1916,
        1917
      ]
    },
    "trigger_edge_types": [
      "('term', 'to', 'paper')",
      "('paper', 'rev_to', 'term')",
      "('term', 'trigger_link', 'term')",
      "('term', 'rev_trigger_link', 'term')"
    ],
    "target_feature_boost": true,
    "target_feature_strength": 4.0,
    "metadata": {
      "node_types": [
        "paper",
        "author",
        "subject",
        "term"
      ],
      "edge_types": [
        "('paper', 'cite', 'paper')",
        "('paper', 'ref', 'paper')",
        "('paper', 'to', 'author')",
        "('author', 'to', 'paper')",
        "('paper', 'to', 'subject')",
        "('subject', 'to', 'paper')",
        "('paper', 'to', 'term')",
        "('term', 'to', 'paper')",
        "('paper', 'rev_cite', 'paper')",
        "('paper', 'rev_ref', 'paper')",
        "('author', 'rev_to', 'paper')",
        "('paper', 'rev_to', 'author')",
        "('subject', 'rev_to', 'paper')",
        "('paper', 'rev_to', 'subject')",
        "('term', 'rev_to', 'paper')",
        "('paper', 'rev_to', 'term')"
      ],
      "target_node_type": "paper",
      "num_classes": 3,
      "trigger_feature_dims": [
        0,
        1,
        2,
        82,
        60,
        25,
        118,
        77,
        46,
        36,
        59,
        87,
        93,
        52,
        83,
        57
      ],
      "target_feature_boost_dims": [
        17,
        22,
        129,
        35,
        206,
        15,
        26,
        21,
        1,
        10,
        66,
        121,
        14,
        64,
        89,
        200
      ],
      "poisoned_nodes": 109,
      "trigger_nodes": 16,
      "trigger_type": "relation_hybrid",
      "relation_edge_type": "('term', 'to', 'paper')",
      "aux_node_type": "term",
      "use_aux_clique": true,
      "target_feature_boost": true
    }
  },
  "config": {
    "seed": 5,
    "data_dir": "./data",
    "output_dir": "./results_sensitivity_acm_han_5seeds",
    "save_results": true,
    "device": "cuda",
    "debug": false,
    "verbose": false,
    "dataset": "ACM",
    "model": "HAN",
    "attack": "relation",
    "hidden_dim": 128,
    "num_heads": 4,
    "num_layers": 2,
    "dropout": 0.5,
    "num_bases": 8,
    "epochs": 200,
    "clean_epochs": null,
    "poison_epochs": null,
    "clean_probe_epochs": null,
    "lr": 0.01,
    "weight_decay": 0.0005,
    "patience": 50,
    "poison_save_best": "last",
    "poison_rate": 0.2,
    "trigger_size": 16,
    "target_class": 0,
    "trigger_strength": 3.0,
    "surrogate_epochs": 30,
    "num_inject": 200,
    "relation_mode": "hybrid",
    "target_feature_strength": 4.0,
    "aux_feature_strength": 6.0,
    "no_aux_clique": false,
    "defenses": "unlearn",
    "pretrain_epochs": 50,
    "pretrain_lr": 0.005,
    "defense_epochs": 100,
    "defense_lr": 0.005,
    "defense_weight_decay": 0.0001,
    "detection_ratio": 0.2,
    "use_label_signal": false,
    "min_weight": 0.0,
    "max_downweight": 1.0,
    "unlearn_lambda": 1.0,
    "unlearn_samples": 256,
    "target_suppression": 0.2,
    "include_target_in_unlearning": false,
    "sensitivity_group": "trigger_size",
    "param_value": 16.0
  },
  "runtime_sec": 59.012295961380005
}