{
  "dataset": "ACM",
  "model": "HAN",
  "attack": "uba",
  "seed": 1,
  "target_type": "paper",
  "num_classes": 3,
  "target_class": 0,
  "poison_rate": 0.075,
  "trigger_size": 10,
  "attack_metrics": {
    "clean_acc": 0.885869562625885,
    "backdoored_clean_acc": 0.30434781312942505,
    "clean_acc_drop": 0.58152174949646,
    "clean_trigger_asr": 0.09375,
    "clean_trigger_clean_acc": 0.8392857313156128,
    "poisoned_asr": 1.0,
    "poisoned_asr_clean_acc": 1.0,
    "natural_target_ratio": 0.0,
    "learned_backdoor_gap": 0.90625,
    "n_poison_nodes": 41,
    "n_trigger_nodes": 10
  },
  "defenses": {
    "unlearn": {
      "defense_clean_acc": 0.885869562625885,
      "defense_asr": 0.015625,
      "defense_asr_clean_acc": 0.8214285969734192,
      "natural_target_ratio": 0.0,
      "defense_name": "HeteroGuard-Unlearn",
      "train_info": {
        "best_epoch": 36,
        "best_val_acc": 0.9277778267860413,
        "last_loss": 0.004344349727034569,
        "last_clean_loss": 0.003337387926876545,
        "last_unlearn_loss": 0.0008926747250370681,
        "last_suppress_loss": 0.0005714372382499278,
        "unlearn_samples": 256,
        "unlearn_lambda": 1.0,
        "target_suppression": 0.2,
        "mode": "weighted_unlearn",
        "hard_removed_train_nodes": 41,
        "use_trigger_unlearning": true
      },
      "detection_precision": 1.0,
      "detection_recall": 1.0,
      "detection_f1": 1.0,
      "suspicious_nodes": 41,
      "hard_removed_train_nodes": 41,
      "use_trigger_unlearning": true,
      "unlearn_lambda": 1.0,
      "unlearn_samples": 256,
      "target_suppression": 0.2,
      "asr_drop": 0.984375,
      "utility_drop": 0.0
    }
  },
  "attacker_info": {
    "attack_name": "uba",
    "target_node_type": "paper",
    "target_class": 0,
    "poison_rate": 0.075,
    "trigger_size": 10,
    "poisoned_node_indices": [
      1960,
      1217,
      2696,
      1414,
      309,
      216,
      404,
      1415,
      2337,
      1989,
      689,
      122,
      2628,
      1983,
      2589,
      1331,
      2679,
      391,
      2079,
      2180,
      2150,
      160,
      618,
      2909,
      477,
      240,
      518,
      2839,
      2963,
      2689,
      246,
      131,
      168,
      1500,
      2653,
      2848,
      371,
      14,
      2951,
      178,
      614
    ],
    "trigger_node_indices": {
      "paper": [
        3025,
        3026,
        3027,
        3028,
        3029,
        3030,
        3031,
        3032,
        3033,
        3034
      ]
    },
    "trigger_edge_types": [
      "('paper', 'backdoor', 'paper')",
      "('paper', 'rev_backdoor', 'paper')",
      "('paper', 'trigger_link', 'paper')",
      "('paper', 'rev_trigger_link', 'paper')"
    ],
    "target_feature_boost": true,
    "target_feature_strength": 4.0,
    "metadata": {
      "node_types": [
        "paper",
        "author",
        "subject",
        "term"
      ],
      "edge_types": [
        "('paper', 'cite', 'paper')",
        "('paper', 'ref', 'paper')",
        "('paper', 'to', 'author')",
        "('author', 'to', 'paper')",
        "('paper', 'to', 'subject')",
        "('subject', 'to', 'paper')",
        "('paper', 'to', 'term')",
        "('term', 'to', 'paper')",
        "('paper', 'rev_cite', 'paper')",
        "('paper', 'rev_ref', 'paper')",
        "('author', 'rev_to', 'paper')",
        "('paper', 'rev_to', 'author')",
        "('subject', 'rev_to', 'paper')",
        "('paper', 'rev_to', 'subject')",
        "('term', 'rev_to', 'paper')",
        "('paper', 'rev_to', 'term')"
      ],
      "target_node_type": "paper",
      "num_classes": 3,
      "trigger_feature_dims": [
        17,
        22,
        129,
        35,
        206,
        15,
        26,
        21,
        1,
        10
      ],
      "target_feature_boost_dims": [
        17,
        22,
        129,
        35,
        206,
        15,
        26,
        21,
        1,
        10
      ],
      "poisoned_nodes": 41,
      "trigger_nodes": 10,
      "trigger_type": "uba_hybrid",
      "use_clique": true,
      "target_feature_boost": true,
      "max_trigger_size": 50
    }
  },
  "config": {
    "seed": 1,
    "data_dir": "./data",
    "output_dir": "./results_sensitivity_acm_han_5seeds",
    "save_results": true,
    "device": "cuda",
    "debug": false,
    "verbose": false,
    "dataset": "ACM",
    "model": "HAN",
    "attack": "uba",
    "hidden_dim": 128,
    "num_heads": 4,
    "num_layers": 2,
    "dropout": 0.5,
    "num_bases": 8,
    "epochs": 200,
    "clean_epochs": null,
    "poison_epochs": null,
    "clean_probe_epochs": null,
    "lr": 0.01,
    "weight_decay": 0.0005,
    "patience": 50,
    "poison_save_best": "last",
    "poison_rate": 0.075,
    "trigger_size": 10,
    "target_class": 0,
    "trigger_strength": 3.0,
    "surrogate_epochs": 30,
    "num_inject": 200,
    "relation_mode": "hybrid",
    "target_feature_strength": 4.0,
    "aux_feature_strength": 6.0,
    "no_aux_clique": false,
    "defenses": "unlearn",
    "pretrain_epochs": 50,
    "pretrain_lr": 0.005,
    "defense_epochs": 100,
    "defense_lr": 0.005,
    "defense_weight_decay": 0.0001,
    "detection_ratio": 0.075,
    "use_label_signal": false,
    "min_weight": 0.0,
    "max_downweight": 1.0,
    "unlearn_lambda": 1.0,
    "unlearn_samples": 256,
    "target_suppression": 0.2,
    "include_target_in_unlearning": false,
    "sensitivity_group": "poison_rate",
    "param_value": 0.075
  },
  "runtime_sec": 65.85357880592346
}