{
  "dataset": "ACM",
  "model": "HAN",
  "attack": "relation",
  "seed": 3,
  "target_type": "paper",
  "num_classes": 3,
  "target_class": 0,
  "poison_rate": 0.1,
  "trigger_size": 10,
  "attack_metrics": {
    "clean_acc": 0.885869562625885,
    "backdoored_clean_acc": 0.8260869383811951,
    "clean_acc_drop": 0.05978262424468994,
    "clean_trigger_asr": 0.0703125,
    "clean_trigger_clean_acc": 0.8035714030265808,
    "poisoned_asr": 0.859375,
    "poisoned_asr_clean_acc": 0.8928571343421936,
    "natural_target_ratio": 0.0,
    "learned_backdoor_gap": 0.7890625,
    "n_poison_nodes": 54,
    "n_trigger_nodes": 10
  },
  "defenses": {
    "unlearn": {
      "defense_clean_acc": 0.875,
      "defense_asr": 0.015625,
      "defense_asr_clean_acc": 0.8214285969734192,
      "natural_target_ratio": 0.0,
      "defense_name": "HeteroGuard-Unlearn",
      "train_info": {
        "best_epoch": 15,
        "best_val_acc": 0.9166666865348816,
        "last_loss": 0.025101246312260628,
        "last_clean_loss": 0.020474888384342194,
        "last_unlearn_loss": 0.004350530914962292,
        "last_suppress_loss": 0.0013791300589218736,
        "unlearn_samples": 256,
        "unlearn_lambda": 1.0,
        "target_suppression": 0.2,
        "mode": "weighted_unlearn",
        "hard_removed_train_nodes": 54,
        "use_trigger_unlearning": true
      },
      "detection_precision": 1.0,
      "detection_recall": 1.0,
      "detection_f1": 1.0,
      "suspicious_nodes": 54,
      "hard_removed_train_nodes": 54,
      "use_trigger_unlearning": true,
      "unlearn_lambda": 1.0,
      "unlearn_samples": 256,
      "target_suppression": 0.2,
      "asr_drop": 0.84375,
      "utility_drop": 0.01086956262588501
    }
  },
  "attacker_info": {
    "attack_name": "relation",
    "target_node_type": "paper",
    "target_class": 0,
    "poison_rate": 0.1,
    "trigger_size": 10,
    "poisoned_node_indices": [
      2903,
      586,
      2313,
      2809,
      80,
      1423,
      1321,
      542,
      499,
      2692,
      3001,
      1424,
      2039,
      796,
      2575,
      2119,
      224,
      214,
      178,
      689,
      683,
      2769,
      2810,
      768,
      1174,
      2505,
      2569,
      2733,
      2894,
      712,
      2653,
      2064,
      2153,
      77,
      2272,
      139,
      246,
      554,
      62,
      588,
      2664,
      1951,
      265,
      776,
      1349,
      2133,
      200,
      2103,
      2598,
      1181,
      36,
      764,
      152,
      2230
    ],
    "trigger_node_indices": {
      "term": [
        1902,
        1903,
        1904,
        1905,
        1906,
        1907,
        1908,
        1909,
        1910,
        1911
      ]
    },
    "trigger_edge_types": [
      "('term', 'to', 'paper')",
      "('paper', 'rev_to', 'term')",
      "('term', 'trigger_link', 'term')",
      "('term', 'rev_trigger_link', 'term')"
    ],
    "target_feature_boost": true,
    "target_feature_strength": 4.0,
    "metadata": {
      "node_types": [
        "paper",
        "author",
        "subject",
        "term"
      ],
      "edge_types": [
        "('paper', 'cite', 'paper')",
        "('paper', 'ref', 'paper')",
        "('paper', 'to', 'author')",
        "('author', 'to', 'paper')",
        "('paper', 'to', 'subject')",
        "('subject', 'to', 'paper')",
        "('paper', 'to', 'term')",
        "('term', 'to', 'paper')",
        "('paper', 'rev_cite', 'paper')",
        "('paper', 'rev_ref', 'paper')",
        "('author', 'rev_to', 'paper')",
        "('paper', 'rev_to', 'author')",
        "('subject', 'rev_to', 'paper')",
        "('paper', 'rev_to', 'subject')",
        "('term', 'rev_to', 'paper')",
        "('paper', 'rev_to', 'term')"
      ],
      "target_node_type": "paper",
      "num_classes": 3,
      "trigger_feature_dims": [
        0,
        1,
        2,
        82,
        60,
        25,
        118,
        77,
        46,
        36
      ],
      "target_feature_boost_dims": [
        17,
        22,
        129,
        35,
        206,
        15,
        26,
        21,
        1,
        10
      ],
      "poisoned_nodes": 54,
      "trigger_nodes": 10,
      "trigger_type": "relation_hybrid",
      "relation_edge_type": "('term', 'to', 'paper')",
      "aux_node_type": "term",
      "use_aux_clique": true,
      "target_feature_boost": true
    }
  },
  "config": {
    "seed": 3,
    "data_dir": "./data",
    "output_dir": "./results_sensitivity_acm_han_5seeds",
    "save_results": true,
    "device": "cuda",
    "debug": false,
    "verbose": false,
    "dataset": "ACM",
    "model": "HAN",
    "attack": "relation",
    "hidden_dim": 128,
    "num_heads": 4,
    "num_layers": 2,
    "dropout": 0.5,
    "num_bases": 8,
    "epochs": 200,
    "clean_epochs": null,
    "poison_epochs": null,
    "clean_probe_epochs": null,
    "lr": 0.01,
    "weight_decay": 0.0005,
    "patience": 50,
    "poison_save_best": "last",
    "poison_rate": 0.1,
    "trigger_size": 10,
    "target_class": 0,
    "trigger_strength": 3.0,
    "surrogate_epochs": 30,
    "num_inject": 200,
    "relation_mode": "hybrid",
    "target_feature_strength": 4.0,
    "aux_feature_strength": 6.0,
    "no_aux_clique": false,
    "defenses": "unlearn",
    "pretrain_epochs": 50,
    "pretrain_lr": 0.005,
    "defense_epochs": 100,
    "defense_lr": 0.005,
    "defense_weight_decay": 0.0001,
    "detection_ratio": 0.1,
    "use_label_signal": false,
    "min_weight": 0.0,
    "max_downweight": 1.0,
    "unlearn_lambda": 1.0,
    "unlearn_samples": 256,
    "target_suppression": 0.2,
    "include_target_in_unlearning": false,
    "sensitivity_group": "poison_rate",
    "param_value": 0.1
  },
  "runtime_sec": 60.951080560684204
}