{
  "dataset": "ACM",
  "model": "HAN",
  "attack": "relation",
  "seed": 2,
  "target_type": "paper",
  "num_classes": 3,
  "target_class": 0,
  "poison_rate": 0.05,
  "trigger_size": 10,
  "attack_metrics": {
    "clean_acc": 0.8804348111152649,
    "backdoored_clean_acc": 0.8478260636329651,
    "clean_acc_drop": 0.032608747482299805,
    "clean_trigger_asr": 0.0625,
    "clean_trigger_clean_acc": 0.7857142686843872,
    "poisoned_asr": 0.578125,
    "poisoned_asr_clean_acc": 0.8214285969734192,
    "natural_target_ratio": 0.0,
    "learned_backdoor_gap": 0.515625,
    "n_poison_nodes": 27,
    "n_trigger_nodes": 10
  },
  "defenses": {
    "unlearn": {
      "defense_clean_acc": 0.9021739363670349,
      "defense_asr": 0.0078125,
      "defense_asr_clean_acc": 0.8214285969734192,
      "natural_target_ratio": 0.0,
      "defense_name": "HeteroGuard-Unlearn",
      "train_info": {
        "best_epoch": 75,
        "best_val_acc": 0.9055556058883667,
        "last_loss": 0.013162897899746895,
        "last_clean_loss": 0.01308274082839489,
        "last_unlearn_loss": 6.753046909580007e-05,
        "last_suppress_loss": 6.313578342087567e-05,
        "unlearn_samples": 256,
        "unlearn_lambda": 1.0,
        "target_suppression": 0.2,
        "mode": "weighted_unlearn",
        "hard_removed_train_nodes": 27,
        "use_trigger_unlearning": true
      },
      "detection_precision": 1.0,
      "detection_recall": 1.0,
      "detection_f1": 1.0,
      "suspicious_nodes": 27,
      "hard_removed_train_nodes": 27,
      "use_trigger_unlearning": true,
      "unlearn_lambda": 1.0,
      "unlearn_samples": 256,
      "target_suppression": 0.2,
      "asr_drop": 0.5703125,
      "utility_drop": -0.02173912525177002
    }
  },
  "attacker_info": {
    "attack_name": "relation",
    "target_node_type": "paper",
    "target_class": 0,
    "poison_rate": 0.05,
    "trigger_size": 10,
    "poisoned_node_indices": [
      2848,
      1332,
      2080,
      789,
      2489,
      2043,
      608,
      1181,
      2505,
      2211,
      2901,
      139,
      445,
      2259,
      1946,
      2439,
      2610,
      776,
      1173,
      2498,
      658,
      2263,
      541,
      2850,
      1423,
      441,
      689
    ],
    "trigger_node_indices": {
      "term": [
        1902,
        1903,
        1904,
        1905,
        1906,
        1907,
        1908,
        1909,
        1910,
        1911
      ]
    },
    "trigger_edge_types": [
      "('term', 'to', 'paper')",
      "('paper', 'rev_to', 'term')",
      "('term', 'trigger_link', 'term')",
      "('term', 'rev_trigger_link', 'term')"
    ],
    "target_feature_boost": true,
    "target_feature_strength": 4.0,
    "metadata": {
      "node_types": [
        "paper",
        "author",
        "subject",
        "term"
      ],
      "edge_types": [
        "('paper', 'cite', 'paper')",
        "('paper', 'ref', 'paper')",
        "('paper', 'to', 'author')",
        "('author', 'to', 'paper')",
        "('paper', 'to', 'subject')",
        "('subject', 'to', 'paper')",
        "('paper', 'to', 'term')",
        "('term', 'to', 'paper')",
        "('paper', 'rev_cite', 'paper')",
        "('paper', 'rev_ref', 'paper')",
        "('author', 'rev_to', 'paper')",
        "('paper', 'rev_to', 'author')",
        "('subject', 'rev_to', 'paper')",
        "('paper', 'rev_to', 'subject')",
        "('term', 'rev_to', 'paper')",
        "('paper', 'rev_to', 'term')"
      ],
      "target_node_type": "paper",
      "num_classes": 3,
      "trigger_feature_dims": [
        0,
        1,
        2,
        82,
        60,
        25,
        118,
        77,
        46,
        36
      ],
      "target_feature_boost_dims": [
        17,
        22,
        129,
        35,
        206,
        15,
        26,
        21,
        1,
        10
      ],
      "poisoned_nodes": 27,
      "trigger_nodes": 10,
      "trigger_type": "relation_hybrid",
      "relation_edge_type": "('term', 'to', 'paper')",
      "aux_node_type": "term",
      "use_aux_clique": true,
      "target_feature_boost": true
    }
  },
  "config": {
    "seed": 2,
    "data_dir": "./data",
    "output_dir": "./results_sensitivity_acm_han_5seeds",
    "save_results": true,
    "device": "cuda",
    "debug": false,
    "verbose": false,
    "dataset": "ACM",
    "model": "HAN",
    "attack": "relation",
    "hidden_dim": 128,
    "num_heads": 4,
    "num_layers": 2,
    "dropout": 0.5,
    "num_bases": 8,
    "epochs": 200,
    "clean_epochs": null,
    "poison_epochs": null,
    "clean_probe_epochs": null,
    "lr": 0.01,
    "weight_decay": 0.0005,
    "patience": 50,
    "poison_save_best": "last",
    "poison_rate": 0.05,
    "trigger_size": 10,
    "target_class": 0,
    "trigger_strength": 3.0,
    "surrogate_epochs": 30,
    "num_inject": 200,
    "relation_mode": "hybrid",
    "target_feature_strength": 4.0,
    "aux_feature_strength": 6.0,
    "no_aux_clique": false,
    "defenses": "unlearn",
    "pretrain_epochs": 50,
    "pretrain_lr": 0.005,
    "defense_epochs": 100,
    "defense_lr": 0.005,
    "defense_weight_decay": 0.0001,
    "detection_ratio": 0.05,
    "use_label_signal": false,
    "min_weight": 0.0,
    "max_downweight": 1.0,
    "unlearn_lambda": 1.0,
    "unlearn_samples": 256,
    "target_suppression": 0.2,
    "include_target_in_unlearning": false,
    "sensitivity_group": "poison_rate",
    "param_value": 0.05
  },
  "runtime_sec": 59.27354168891907
}