{
  "dataset": "DBLP",
  "model": "HAN",
  "attack": "clean_label",
  "seed": 3,
  "target_type": "author",
  "num_classes": 4,
  "target_class": 0,
  "poison_rate": 0.2,
  "trigger_size": 10,
  "attack_metrics": {
    "clean_acc": 0.8467742204666138,
    "backdoored_clean_acc": 0.7580645084381104,
    "clean_acc_drop": 0.08870971202850342,
    "clean_trigger_asr": 0.005780346691608429,
    "clean_trigger_clean_acc": 0.8266666531562805,
    "poisoned_asr": 0.9826589822769165,
    "poisoned_asr_clean_acc": 0.6666666865348816,
    "natural_target_ratio": 0.0,
    "learned_backdoor_gap": 0.9768786355853081,
    "n_poison_nodes": 146,
    "n_trigger_nodes": 10
  },
  "defenses": {
    "unlearn": {
      "defense_clean_acc": 0.7822580933570862,
      "defense_asr": 0.011560693383216858,
      "defense_asr_clean_acc": 0.7200000286102295,
      "natural_target_ratio": 0.0,
      "defense_name": "HeteroGuard-Unlearn",
      "train_info": {
        "best_epoch": 31,
        "best_val_acc": 0.7551867365837097,
        "last_loss": 0.047100383788347244,
        "last_clean_loss": 0.02141413651406765,
        "last_unlearn_loss": 0.02533746138215065,
        "last_suppress_loss": 0.0017439387738704681,
        "unlearn_samples": 256,
        "unlearn_lambda": 1.0,
        "target_suppression": 0.2,
        "mode": "weighted_unlearn",
        "hard_removed_train_nodes": 146,
        "use_trigger_unlearning": true
      },
      "detection_precision": 1.0,
      "detection_recall": 1.0,
      "detection_f1": 1.0,
      "suspicious_nodes": 146,
      "hard_removed_train_nodes": 146,
      "use_trigger_unlearning": true,
      "unlearn_lambda": 1.0,
      "unlearn_samples": 256,
      "target_suppression": 0.2,
      "asr_drop": 0.9710982888936996,
      "utility_drop": 0.06451612710952759
    }
  },
  "attacker_info": {
    "attack_name": "clean_label",
    "target_node_type": "author",
    "target_class": 0,
    "poison_rate": 0.2,
    "trigger_size": 10,
    "poisoned_node_indices": [
      2121,
      3142,
      1548,
      1923,
      1943,
      2604,
      2851,
      3977,
      1480,
      3642,
      1474,
      362,
      1947,
      2038,
      233,
      3020,
      2045,
      2149,
      1965,
      2532,
      3224,
      2827,
      3965,
      1404,
      2634,
      3163,
      3902,
      1910,
      1620,
      3209,
      3008,
      3043,
      756,
      3155,
      3212,
      3028,
      4009,
      2275,
      2670,
      2587,
      1760,
      2929,
      2723,
      1861,
      2836,
      2923,
      2567,
      1453,
      1421,
      1456,
      3929,
      1417,
      1517,
      1931,
      2214,
      2520,
      2528,
      3937,
      224,
      2251,
      1356,
      3231,
      1491,
      3900,
      2989,
      1451,
      1331,
      2094,
      1426,
      3961,
      2573,
      2948,
      2931,
      1835,
      3176,
      192,
      2150,
      2128,
      2837,
      1381,
      2726,
      3235,
      1925,
      1762,
      2937,
      2669,
      1964,
      1977,
      2304,
      3159,
      2237,
      3306,
      2036,
      1448,
      3198,
      3018,
      2129,
      1930,
      2741,
      4036,
      2156,
      2100,
      1832,
      3021,
      2126,
      3948,
      3487,
      3022,
      1400,
      3648,
      1933,
      1369,
      2956,
      1376,
      2767,
      2527,
      3016,
      3631,
      4011,
      1501,
      4016,
      1870,
      3200,
      2261,
      4002,
      1292,
      1450,
      2262,
      1367,
      4005,
      3097,
      3952,
      2020,
      4006,
      1345,
      2671,
      1445,
      2051,
      1699,
      3973,
      1395,
      4045,
      1205,
      4003,
      2740,
      2022
    ],
    "trigger_node_indices": {
      "paper": [
        14328,
        14329,
        14330,
        14331,
        14332,
        14333,
        14334,
        14335,
        14336,
        14337
      ]
    },
    "trigger_edge_types": [
      "('paper', 'to', 'author')",
      "('author', 'rev_to', 'paper')",
      "('paper', 'trigger_link', 'paper')",
      "('paper', 'rev_trigger_link', 'paper')"
    ],
    "target_feature_boost": true,
    "target_feature_strength": 4.0,
    "metadata": {
      "node_types": [
        "author",
        "paper",
        "term",
        "venue"
      ],
      "edge_types": [
        "('author', 'to', 'paper')",
        "('paper', 'to', 'term')",
        "('paper', 'to', 'venue')",
        "('paper', 'to', 'author')",
        "('term', 'to', 'paper')",
        "('venue', 'to', 'paper')",
        "('paper', 'rev_to', 'author')",
        "('term', 'rev_to', 'paper')",
        "('venue', 'rev_to', 'paper')",
        "('author', 'rev_to', 'paper')",
        "('paper', 'rev_to', 'term')",
        "('paper', 'rev_to', 'venue')"
      ],
      "target_node_type": "author",
      "num_classes": 4,
      "trigger_feature_dims": [
        31,
        950,
        955,
        3074,
        8,
        4065,
        2081,
        2358,
        2338,
        1866
      ],
      "target_feature_boost_dims": [
        63,
        23,
        321,
        295,
        135,
        222,
        152,
        242,
        64,
        170
      ],
      "poisoned_nodes": 146,
      "trigger_nodes": 10,
      "trigger_type": "clean_label_hybrid",
      "trigger_mode": "relation",
      "label_flipped": false,
      "target_feature_boost": true,
      "relation_edge_type": "('paper', 'to', 'author')"
    }
  },
  "config": {
    "seed": 3,
    "data_dir": "./data",
    "output_dir": "./results_model_generalization_5seeds",
    "save_results": true,
    "device": "cuda",
    "debug": false,
    "verbose": false,
    "dataset": "DBLP",
    "model": "HAN",
    "attack": "clean_label",
    "hidden_dim": 128,
    "num_heads": 4,
    "num_layers": 2,
    "dropout": 0.5,
    "num_bases": 8,
    "epochs": 200,
    "clean_epochs": null,
    "poison_epochs": null,
    "clean_probe_epochs": null,
    "lr": 0.01,
    "weight_decay": 0.0005,
    "patience": 50,
    "poison_save_best": "last",
    "poison_rate": 0.2,
    "trigger_size": 10,
    "target_class": 0,
    "trigger_strength": 3.0,
    "surrogate_epochs": 30,
    "num_inject": 200,
    "relation_mode": "hybrid",
    "target_feature_strength": 4.0,
    "aux_feature_strength": 6.0,
    "no_aux_clique": false,
    "defenses": "unlearn",
    "pretrain_epochs": 50,
    "pretrain_lr": 0.005,
    "defense_epochs": 100,
    "defense_lr": 0.005,
    "defense_weight_decay": 0.0001,
    "detection_ratio": 0.2,
    "use_label_signal": false,
    "min_weight": 0.0,
    "max_downweight": 1.0,
    "unlearn_lambda": 1.0,
    "unlearn_samples": 256,
    "target_suppression": 0.2,
    "include_target_in_unlearning": false
  },
  "runtime_sec": 48.60073924064636
}