{
  "dataset": "DBLP",
  "model": "HeteroSAGE",
  "attack": "uba",
  "seed": 3,
  "target_type": "author",
  "num_classes": 4,
  "target_class": 0,
  "poison_rate": 0.2,
  "trigger_size": 10,
  "attack_metrics": {
    "clean_acc": 0.850806474685669,
    "backdoored_clean_acc": 0.7459677457809448,
    "clean_acc_drop": 0.10483872890472412,
    "clean_trigger_asr": 0.15606936812400818,
    "clean_trigger_clean_acc": 0.9200000166893005,
    "poisoned_asr": 1.0,
    "poisoned_asr_clean_acc": 0.8399999737739563,
    "natural_target_ratio": 0.0,
    "learned_backdoor_gap": 0.8439306318759918,
    "n_poison_nodes": 146,
    "n_trigger_nodes": 10
  },
  "defenses": {
    "unlearn": {
      "defense_clean_acc": 0.8225806355476379,
      "defense_asr": 0.011560693383216858,
      "defense_asr_clean_acc": 0.9333333373069763,
      "natural_target_ratio": 0.0,
      "defense_name": "HeteroGuard-Unlearn",
      "train_info": {
        "best_epoch": 7,
        "best_val_acc": 0.7925311326980591,
        "last_loss": 0.004354031756520271,
        "last_clean_loss": 0.0038247276097536087,
        "last_unlearn_loss": 0.000499820162076503,
        "last_suppress_loss": 0.00014741878840140998,
        "unlearn_samples": 256,
        "unlearn_lambda": 1.0,
        "target_suppression": 0.2,
        "mode": "weighted_unlearn",
        "hard_removed_train_nodes": 146,
        "use_trigger_unlearning": true
      },
      "detection_precision": 1.0,
      "detection_recall": 1.0,
      "detection_f1": 1.0,
      "suspicious_nodes": 146,
      "hard_removed_train_nodes": 146,
      "use_trigger_unlearning": true,
      "unlearn_lambda": 1.0,
      "unlearn_samples": 256,
      "target_suppression": 0.2,
      "asr_drop": 0.9884393066167831,
      "utility_drop": 0.028225839138031006
    }
  },
  "attacker_info": {
    "attack_name": "uba",
    "target_node_type": "author",
    "target_class": 0,
    "poison_rate": 0.2,
    "trigger_size": 10,
    "poisoned_node_indices": [
      68,
      775,
      2682,
      2405,
      1979,
      2417,
      2677,
      3475,
      3765,
      748,
      494,
      964,
      1318,
      3065,
      2551,
      1284,
      2068,
      768,
      2921,
      979,
      1349,
      1596,
      1247,
      3312,
      3878,
      103,
      131,
      1584,
      1621,
      779,
      506,
      3282,
      1820,
      3776,
      2760,
      1224,
      1619,
      3577,
      1794,
      2898,
      1016,
      3547,
      648,
      3279,
      2557,
      1467,
      2492,
      905,
      1636,
      3468,
      3439,
      776,
      195,
      180,
      3321,
      2976,
      102,
      857,
      2816,
      10,
      975,
      926,
      2696,
      3803,
      656,
      3480,
      1007,
      2863,
      1086,
      2602,
      1093,
      2170,
      230,
      11,
      502,
      725,
      1585,
      122,
      3956,
      2810,
      1283,
      3712,
      1691,
      1900,
      1897,
      3603,
      714,
      3371,
      20,
      1120,
      584,
      46,
      1270,
      1564,
      3812,
      2513,
      601,
      1012,
      1261,
      933,
      441,
      758,
      2182,
      2801,
      3081,
      1528,
      1802,
      517,
      518,
      910,
      246,
      892,
      942,
      2796,
      3784,
      1860,
      2655,
      1891,
      1996,
      795,
      3276,
      1273,
      695,
      1998,
      3791,
      2890,
      1613,
      98,
      1538,
      963,
      2986,
      1026,
      3256,
      2550,
      3747,
      3400,
      3343,
      1231,
      724,
      703,
      3529,
      3718,
      1078,
      782,
      931,
      2107
    ],
    "trigger_node_indices": {
      "author": [
        4057,
        4058,
        4059,
        4060,
        4061,
        4062,
        4063,
        4064,
        4065,
        4066
      ]
    },
    "trigger_edge_types": [
      "('author', 'backdoor', 'author')",
      "('author', 'rev_backdoor', 'author')",
      "('author', 'trigger_link', 'author')",
      "('author', 'rev_trigger_link', 'author')"
    ],
    "target_feature_boost": true,
    "target_feature_strength": 4.0,
    "metadata": {
      "node_types": [
        "author",
        "paper",
        "term",
        "venue"
      ],
      "edge_types": [
        "('author', 'to', 'paper')",
        "('paper', 'to', 'term')",
        "('paper', 'to', 'venue')",
        "('paper', 'to', 'author')",
        "('term', 'to', 'paper')",
        "('venue', 'to', 'paper')",
        "('paper', 'rev_to', 'author')",
        "('term', 'rev_to', 'paper')",
        "('venue', 'rev_to', 'paper')",
        "('author', 'rev_to', 'paper')",
        "('paper', 'rev_to', 'term')",
        "('paper', 'rev_to', 'venue')"
      ],
      "target_node_type": "author",
      "num_classes": 4,
      "trigger_feature_dims": [
        63,
        23,
        321,
        295,
        135,
        222,
        152,
        242,
        64,
        170
      ],
      "target_feature_boost_dims": [
        63,
        23,
        321,
        295,
        135,
        222,
        152,
        242,
        64,
        170
      ],
      "poisoned_nodes": 146,
      "trigger_nodes": 10,
      "trigger_type": "uba_hybrid",
      "use_clique": true,
      "target_feature_boost": true,
      "max_trigger_size": 50
    }
  },
  "config": {
    "seed": 3,
    "data_dir": "./data",
    "output_dir": "./results_model_generalization_5seeds",
    "save_results": true,
    "device": "cuda",
    "debug": false,
    "verbose": false,
    "dataset": "DBLP",
    "model": "HeteroSAGE",
    "attack": "uba",
    "hidden_dim": 128,
    "num_heads": 4,
    "num_layers": 2,
    "dropout": 0.5,
    "num_bases": 8,
    "epochs": 200,
    "clean_epochs": null,
    "poison_epochs": null,
    "clean_probe_epochs": null,
    "lr": 0.01,
    "weight_decay": 0.0005,
    "patience": 50,
    "poison_save_best": "last",
    "poison_rate": 0.2,
    "trigger_size": 10,
    "target_class": 0,
    "trigger_strength": 3.0,
    "surrogate_epochs": 30,
    "num_inject": 200,
    "relation_mode": "hybrid",
    "target_feature_strength": 4.0,
    "aux_feature_strength": 6.0,
    "no_aux_clique": false,
    "defenses": "unlearn",
    "pretrain_epochs": 50,
    "pretrain_lr": 0.005,
    "defense_epochs": 100,
    "defense_lr": 0.005,
    "defense_weight_decay": 0.0001,
    "detection_ratio": 0.2,
    "use_label_signal": false,
    "min_weight": 0.0,
    "max_downweight": 1.0,
    "unlearn_lambda": 1.0,
    "unlearn_samples": 256,
    "target_suppression": 0.2,
    "include_target_in_unlearning": false
  },
  "runtime_sec": 43.72125697135925
}