{
  "dataset": "ACM",
  "model": "RGCN",
  "attack": "clean_label",
  "seed": 4,
  "target_type": "paper",
  "num_classes": 3,
  "target_class": 0,
  "poison_rate": 0.2,
  "trigger_size": 10,
  "attack_metrics": {
    "clean_acc": 0.8369565010070801,
    "backdoored_clean_acc": 0.8804348111152649,
    "clean_acc_drop": -0.043478310108184814,
    "clean_trigger_asr": 0.0703125,
    "clean_trigger_clean_acc": 0.8392857313156128,
    "poisoned_asr": 0.6484375,
    "poisoned_asr_clean_acc": 0.8214285969734192,
    "natural_target_ratio": 0.0,
    "learned_backdoor_gap": 0.578125,
    "n_poison_nodes": 109,
    "n_trigger_nodes": 10
  },
  "defenses": {
    "unlearn": {
      "defense_clean_acc": 0.8260869383811951,
      "defense_asr": 0.0078125,
      "defense_asr_clean_acc": 0.5357142686843872,
      "natural_target_ratio": 0.0,
      "defense_name": "HeteroGuard-Unlearn",
      "train_info": {
        "best_epoch": 58,
        "best_val_acc": 0.8888888955116272,
        "last_loss": 0.0003755644429475069,
        "last_clean_loss": 0.00037550984416157007,
        "last_unlearn_loss": 4.563469957474808e-08,
        "last_suppress_loss": 4.475943171655672e-08,
        "unlearn_samples": 256,
        "unlearn_lambda": 1.0,
        "target_suppression": 0.2,
        "mode": "weighted_unlearn",
        "hard_removed_train_nodes": 109,
        "use_trigger_unlearning": true
      },
      "detection_precision": 1.0,
      "detection_recall": 1.0,
      "detection_f1": 1.0,
      "suspicious_nodes": 109,
      "hard_removed_train_nodes": 109,
      "use_trigger_unlearning": true,
      "unlearn_lambda": 1.0,
      "unlearn_samples": 256,
      "target_suppression": 0.2,
      "asr_drop": 0.640625,
      "utility_drop": 0.01086956262588501
    }
  },
  "attacker_info": {
    "attack_name": "clean_label",
    "target_node_type": "paper",
    "target_class": 0,
    "poison_rate": 0.2,
    "trigger_size": 10,
    "poisoned_node_indices": [
      862,
      938,
      1593,
      1338,
      1111,
      1766,
      1385,
      832,
      1556,
      920,
      1779,
      833,
      1706,
      1395,
      979,
      1676,
      1649,
      1087,
      891,
      921,
      1930,
      1195,
      1150,
      1923,
      1873,
      1255,
      1124,
      820,
      1730,
      1483,
      1257,
      1581,
      1703,
      2374,
      1753,
      1586,
      1627,
      854,
      1684,
      1461,
      1078,
      1902,
      1477,
      1880,
      942,
      804,
      1616,
      1699,
      811,
      1894,
      1789,
      1631,
      2386,
      1041,
      881,
      1815,
      1711,
      1265,
      1726,
      2349,
      2397,
      1720,
      2365,
      903,
      1756,
      1114,
      1007,
      1707,
      1209,
      1449,
      1913,
      1701,
      966,
      980,
      1394,
      865,
      1838,
      886,
      910,
      1588,
      1899,
      1006,
      1214,
      1619,
      1557,
      1071,
      1857,
      971,
      941,
      1636,
      1076,
      1775,
      1056,
      1387,
      1589,
      851,
      1780,
      1133,
      1767,
      934,
      1161,
      1373,
      1727,
      873,
      1809,
      1595,
      1784,
      1391,
      1702
    ],
    "trigger_node_indices": {
      "term": [
        1902,
        1903,
        1904,
        1905,
        1906,
        1907,
        1908,
        1909,
        1910,
        1911
      ]
    },
    "trigger_edge_types": [
      "('term', 'to', 'paper')",
      "('paper', 'rev_to', 'term')",
      "('term', 'trigger_link', 'term')",
      "('term', 'rev_trigger_link', 'term')"
    ],
    "target_feature_boost": true,
    "target_feature_strength": 4.0,
    "metadata": {
      "node_types": [
        "paper",
        "author",
        "subject",
        "term"
      ],
      "edge_types": [
        "('paper', 'cite', 'paper')",
        "('paper', 'ref', 'paper')",
        "('paper', 'to', 'author')",
        "('author', 'to', 'paper')",
        "('paper', 'to', 'subject')",
        "('subject', 'to', 'paper')",
        "('paper', 'to', 'term')",
        "('term', 'to', 'paper')",
        "('paper', 'rev_cite', 'paper')",
        "('paper', 'rev_ref', 'paper')",
        "('author', 'rev_to', 'paper')",
        "('paper', 'rev_to', 'author')",
        "('subject', 'rev_to', 'paper')",
        "('paper', 'rev_to', 'subject')",
        "('term', 'rev_to', 'paper')",
        "('paper', 'rev_to', 'term')"
      ],
      "target_node_type": "paper",
      "num_classes": 3,
      "trigger_feature_dims": [
        0,
        1,
        2,
        82,
        60,
        25,
        118,
        77,
        46,
        36
      ],
      "target_feature_boost_dims": [
        17,
        22,
        129,
        35,
        206,
        15,
        26,
        21,
        1,
        10
      ],
      "poisoned_nodes": 109,
      "trigger_nodes": 10,
      "trigger_type": "clean_label_hybrid",
      "trigger_mode": "relation",
      "label_flipped": false,
      "target_feature_boost": true,
      "relation_edge_type": "('term', 'to', 'paper')"
    }
  },
  "config": {
    "seed": 4,
    "data_dir": "./data",
    "output_dir": "./results_model_generalization_5seeds",
    "save_results": true,
    "device": "cuda",
    "debug": false,
    "verbose": false,
    "dataset": "ACM",
    "model": "RGCN",
    "attack": "clean_label",
    "hidden_dim": 128,
    "num_heads": 4,
    "num_layers": 2,
    "dropout": 0.5,
    "num_bases": 8,
    "epochs": 200,
    "clean_epochs": null,
    "poison_epochs": null,
    "clean_probe_epochs": null,
    "lr": 0.01,
    "weight_decay": 0.0005,
    "patience": 50,
    "poison_save_best": "last",
    "poison_rate": 0.2,
    "trigger_size": 10,
    "target_class": 0,
    "trigger_strength": 3.0,
    "surrogate_epochs": 30,
    "num_inject": 200,
    "relation_mode": "hybrid",
    "target_feature_strength": 4.0,
    "aux_feature_strength": 6.0,
    "no_aux_clique": false,
    "defenses": "unlearn",
    "pretrain_epochs": 50,
    "pretrain_lr": 0.005,
    "defense_epochs": 100,
    "defense_lr": 0.005,
    "defense_weight_decay": 0.0001,
    "detection_ratio": 0.2,
    "use_label_signal": false,
    "min_weight": 0.0,
    "max_downweight": 1.0,
    "unlearn_lambda": 1.0,
    "unlearn_samples": 256,
    "target_suppression": 0.2,
    "include_target_in_unlearning": false
  },
  "runtime_sec": 104.64272499084473
}