{
  "dataset": "DBLP",
  "model": "HAN",
  "attack": "clean_label",
  "seed": 5,
  "target_type": "author",
  "num_classes": 4,
  "target_class": 0,
  "poison_rate": 0.2,
  "trigger_size": 10,
  "attack_metrics": {
    "clean_acc": 0.8266128897666931,
    "backdoored_clean_acc": 0.7620967626571655,
    "clean_acc_drop": 0.06451612710952759,
    "clean_trigger_asr": 0.08670520037412643,
    "clean_trigger_clean_acc": 0.8399999737739563,
    "poisoned_asr": 0.8901734352111816,
    "poisoned_asr_clean_acc": 0.6266666650772095,
    "natural_target_ratio": 0.0,
    "learned_backdoor_gap": 0.8034682348370552,
    "n_poison_nodes": 146,
    "n_trigger_nodes": 10
  },
  "defenses": {
    "unlearn": {
      "defense_clean_acc": 0.7661290168762207,
      "defense_asr": 0.011560693383216858,
      "defense_asr_clean_acc": 0.653333306312561,
      "natural_target_ratio": 0.0,
      "defense_name": "HeteroGuard-Unlearn",
      "train_info": {
        "best_epoch": 62,
        "best_val_acc": 0.771784245967865,
        "last_loss": 0.03895000368356705,
        "last_clean_loss": 0.027224522083997726,
        "last_unlearn_loss": 0.01163447368890047,
        "last_suppress_loss": 0.0004550419980660081,
        "unlearn_samples": 256,
        "unlearn_lambda": 1.0,
        "target_suppression": 0.2,
        "mode": "weighted_unlearn",
        "hard_removed_train_nodes": 146,
        "use_trigger_unlearning": true
      },
      "detection_precision": 1.0,
      "detection_recall": 1.0,
      "detection_f1": 1.0,
      "suspicious_nodes": 146,
      "hard_removed_train_nodes": 146,
      "use_trigger_unlearning": true,
      "unlearn_lambda": 1.0,
      "unlearn_samples": 256,
      "target_suppression": 0.2,
      "asr_drop": 0.8786127418279648,
      "utility_drop": 0.06048387289047241
    }
  },
  "attacker_info": {
    "attack_name": "clean_label",
    "target_node_type": "author",
    "target_class": 0,
    "poison_rate": 0.2,
    "trigger_size": 10,
    "poisoned_node_indices": [
      1400,
      1699,
      2156,
      2022,
      4011,
      2740,
      1999,
      1858,
      3973,
      3008,
      1870,
      120,
      2252,
      3142,
      1491,
      3961,
      3212,
      2528,
      4009,
      1943,
      2726,
      3224,
      1925,
      3642,
      2567,
      2036,
      1832,
      1977,
      2020,
      3092,
      2634,
      2245,
      2827,
      1952,
      2616,
      2246,
      2994,
      3634,
      3997,
      1356,
      2121,
      4037,
      233,
      1630,
      215,
      1364,
      1376,
      4013,
      1835,
      1343,
      3631,
      2768,
      2214,
      3900,
      3929,
      1931,
      2969,
      2087,
      2251,
      2923,
      2247,
      2605,
      2669,
      3906,
      1013,
      2989,
      1404,
      2138,
      1448,
      2570,
      1417,
      4003,
      3965,
      3646,
      1762,
      756,
      2406,
      1450,
      3231,
      1395,
      3020,
      1964,
      3176,
      1451,
      3902,
      4016,
      1292,
      1760,
      1453,
      2051,
      1205,
      3952,
      1906,
      3104,
      1345,
      1151,
      1322,
      2038,
      3487,
      192,
      3198,
      3937,
      4036,
      3200,
      2937,
      2670,
      2956,
      2304,
      2604,
      2836,
      2520,
      2061,
      3648,
      2800,
      2929,
      1548,
      1445,
      3017,
      1150,
      3021,
      2767,
      2618,
      2253,
      294,
      2527,
      1421,
      1323,
      1933,
      251,
      1362,
      3209,
      4034,
      3018,
      1456,
      3948,
      2741,
      3028,
      3306,
      4045,
      2523,
      3163,
      4006,
      3022,
      3196,
      1367,
      1279
    ],
    "trigger_node_indices": {
      "paper": [
        14328,
        14329,
        14330,
        14331,
        14332,
        14333,
        14334,
        14335,
        14336,
        14337
      ]
    },
    "trigger_edge_types": [
      "('paper', 'to', 'author')",
      "('author', 'rev_to', 'paper')",
      "('paper', 'trigger_link', 'paper')",
      "('paper', 'rev_trigger_link', 'paper')"
    ],
    "target_feature_boost": true,
    "target_feature_strength": 4.0,
    "metadata": {
      "node_types": [
        "author",
        "paper",
        "term",
        "venue"
      ],
      "edge_types": [
        "('author', 'to', 'paper')",
        "('paper', 'to', 'term')",
        "('paper', 'to', 'venue')",
        "('paper', 'to', 'author')",
        "('term', 'to', 'paper')",
        "('venue', 'to', 'paper')",
        "('paper', 'rev_to', 'author')",
        "('term', 'rev_to', 'paper')",
        "('venue', 'rev_to', 'paper')",
        "('author', 'rev_to', 'paper')",
        "('paper', 'rev_to', 'term')",
        "('paper', 'rev_to', 'venue')"
      ],
      "target_node_type": "author",
      "num_classes": 4,
      "trigger_feature_dims": [
        31,
        950,
        955,
        3074,
        8,
        4065,
        2081,
        2358,
        2338,
        1866
      ],
      "target_feature_boost_dims": [
        63,
        23,
        321,
        295,
        135,
        222,
        152,
        242,
        64,
        170
      ],
      "poisoned_nodes": 146,
      "trigger_nodes": 10,
      "trigger_type": "clean_label_hybrid",
      "trigger_mode": "relation",
      "label_flipped": false,
      "target_feature_boost": true,
      "relation_edge_type": "('paper', 'to', 'author')"
    }
  },
  "config": {
    "seed": 5,
    "data_dir": "./data",
    "output_dir": "./results_model_generalization_5seeds",
    "save_results": true,
    "device": "cuda",
    "debug": false,
    "verbose": false,
    "dataset": "DBLP",
    "model": "HAN",
    "attack": "clean_label",
    "hidden_dim": 128,
    "num_heads": 4,
    "num_layers": 2,
    "dropout": 0.5,
    "num_bases": 8,
    "epochs": 200,
    "clean_epochs": null,
    "poison_epochs": null,
    "clean_probe_epochs": null,
    "lr": 0.01,
    "weight_decay": 0.0005,
    "patience": 50,
    "poison_save_best": "last",
    "poison_rate": 0.2,
    "trigger_size": 10,
    "target_class": 0,
    "trigger_strength": 3.0,
    "surrogate_epochs": 30,
    "num_inject": 200,
    "relation_mode": "hybrid",
    "target_feature_strength": 4.0,
    "aux_feature_strength": 6.0,
    "no_aux_clique": false,
    "defenses": "unlearn",
    "pretrain_epochs": 50,
    "pretrain_lr": 0.005,
    "defense_epochs": 100,
    "defense_lr": 0.005,
    "defense_weight_decay": 0.0001,
    "detection_ratio": 0.2,
    "use_label_signal": false,
    "min_weight": 0.0,
    "max_downweight": 1.0,
    "unlearn_lambda": 1.0,
    "unlearn_samples": 256,
    "target_suppression": 0.2,
    "include_target_in_unlearning": false
  },
  "runtime_sec": 48.592896461486816
}