{
  "dataset": "ACM",
  "model": "HeteroSAGE",
  "attack": "clean_label",
  "seed": 3,
  "target_type": "paper",
  "num_classes": 3,
  "target_class": 0,
  "poison_rate": 0.2,
  "trigger_size": 10,
  "attack_metrics": {
    "clean_acc": 0.89673912525177,
    "backdoored_clean_acc": 0.885869562625885,
    "clean_acc_drop": 0.01086956262588501,
    "clean_trigger_asr": 0.0546875,
    "clean_trigger_clean_acc": 0.8392857313156128,
    "poisoned_asr": 0.546875,
    "poisoned_asr_clean_acc": 0.8392857313156128,
    "natural_target_ratio": 0.0,
    "learned_backdoor_gap": 0.4921875,
    "n_poison_nodes": 109,
    "n_trigger_nodes": 10
  },
  "defenses": {
    "unlearn": {
      "defense_clean_acc": 0.85326087474823,
      "defense_asr": 0.0078125,
      "defense_asr_clean_acc": 0.7142857313156128,
      "natural_target_ratio": 0.0,
      "defense_name": "HeteroGuard-Unlearn",
      "train_info": {
        "best_epoch": 95,
        "best_val_acc": 0.8777778148651123,
        "last_loss": 0.00146961968857795,
        "last_clean_loss": 0.0010423834901303053,
        "last_unlearn_loss": 0.00036415926297195256,
        "last_suppress_loss": 0.0003153846482746303,
        "unlearn_samples": 256,
        "unlearn_lambda": 1.0,
        "target_suppression": 0.2,
        "mode": "weighted_unlearn",
        "hard_removed_train_nodes": 109,
        "use_trigger_unlearning": true
      },
      "detection_precision": 1.0,
      "detection_recall": 1.0,
      "detection_f1": 1.0,
      "suspicious_nodes": 109,
      "hard_removed_train_nodes": 109,
      "use_trigger_unlearning": true,
      "unlearn_lambda": 1.0,
      "unlearn_samples": 256,
      "target_suppression": 0.2,
      "asr_drop": 0.5390625,
      "utility_drop": 0.04347825050354004
    }
  },
  "attacker_info": {
    "attack_name": "clean_label",
    "target_node_type": "paper",
    "target_class": 0,
    "poison_rate": 0.2,
    "trigger_size": 10,
    "poisoned_node_indices": [
      1396,
      1369,
      1899,
      1619,
      1367,
      1483,
      1787,
      1034,
      1257,
      966,
      1387,
      1589,
      886,
      921,
      982,
      1557,
      851,
      1093,
      1930,
      1050,
      1059,
      1044,
      1789,
      1857,
      1581,
      1756,
      1684,
      934,
      804,
      1703,
      1631,
      1880,
      1255,
      1782,
      1192,
      1114,
      1542,
      1006,
      1591,
      1243,
      854,
      1815,
      1561,
      841,
      870,
      865,
      1919,
      1381,
      824,
      1071,
      1636,
      980,
      910,
      1595,
      2370,
      1873,
      1726,
      1265,
      988,
      820,
      1096,
      1772,
      1209,
      1078,
      938,
      1630,
      891,
      942,
      1767,
      873,
      882,
      1640,
      1838,
      1935,
      1586,
      1573,
      1912,
      1485,
      1372,
      1056,
      1775,
      833,
      2386,
      1649,
      1902,
      1593,
      976,
      991,
      1707,
      1933,
      1897,
      862,
      880,
      2365,
      1711,
      1866,
      1706,
      1007,
      832,
      860,
      1076,
      1391,
      920,
      1701,
      1784,
      1156,
      1449,
      1572,
      1133
    ],
    "trigger_node_indices": {
      "term": [
        1902,
        1903,
        1904,
        1905,
        1906,
        1907,
        1908,
        1909,
        1910,
        1911
      ]
    },
    "trigger_edge_types": [
      "('term', 'to', 'paper')",
      "('paper', 'rev_to', 'term')",
      "('term', 'trigger_link', 'term')",
      "('term', 'rev_trigger_link', 'term')"
    ],
    "target_feature_boost": true,
    "target_feature_strength": 4.0,
    "metadata": {
      "node_types": [
        "paper",
        "author",
        "subject",
        "term"
      ],
      "edge_types": [
        "('paper', 'cite', 'paper')",
        "('paper', 'ref', 'paper')",
        "('paper', 'to', 'author')",
        "('author', 'to', 'paper')",
        "('paper', 'to', 'subject')",
        "('subject', 'to', 'paper')",
        "('paper', 'to', 'term')",
        "('term', 'to', 'paper')",
        "('paper', 'rev_cite', 'paper')",
        "('paper', 'rev_ref', 'paper')",
        "('author', 'rev_to', 'paper')",
        "('paper', 'rev_to', 'author')",
        "('subject', 'rev_to', 'paper')",
        "('paper', 'rev_to', 'subject')",
        "('term', 'rev_to', 'paper')",
        "('paper', 'rev_to', 'term')"
      ],
      "target_node_type": "paper",
      "num_classes": 3,
      "trigger_feature_dims": [
        0,
        1,
        2,
        82,
        60,
        25,
        118,
        77,
        46,
        36
      ],
      "target_feature_boost_dims": [
        17,
        22,
        129,
        35,
        206,
        15,
        26,
        21,
        1,
        10
      ],
      "poisoned_nodes": 109,
      "trigger_nodes": 10,
      "trigger_type": "clean_label_hybrid",
      "trigger_mode": "relation",
      "label_flipped": false,
      "target_feature_boost": true,
      "relation_edge_type": "('term', 'to', 'paper')"
    }
  },
  "config": {
    "seed": 3,
    "data_dir": "./data",
    "output_dir": "./results_model_generalization_5seeds",
    "save_results": true,
    "device": "cuda",
    "debug": false,
    "verbose": false,
    "dataset": "ACM",
    "model": "HeteroSAGE",
    "attack": "clean_label",
    "hidden_dim": 128,
    "num_heads": 4,
    "num_layers": 2,
    "dropout": 0.5,
    "num_bases": 8,
    "epochs": 200,
    "clean_epochs": null,
    "poison_epochs": null,
    "clean_probe_epochs": null,
    "lr": 0.01,
    "weight_decay": 0.0005,
    "patience": 50,
    "poison_save_best": "last",
    "poison_rate": 0.2,
    "trigger_size": 10,
    "target_class": 0,
    "trigger_strength": 3.0,
    "surrogate_epochs": 30,
    "num_inject": 200,
    "relation_mode": "hybrid",
    "target_feature_strength": 4.0,
    "aux_feature_strength": 6.0,
    "no_aux_clique": false,
    "defenses": "unlearn",
    "pretrain_epochs": 50,
    "pretrain_lr": 0.005,
    "defense_epochs": 100,
    "defense_lr": 0.005,
    "defense_weight_decay": 0.0001,
    "detection_ratio": 0.2,
    "use_label_signal": false,
    "min_weight": 0.0,
    "max_downweight": 1.0,
    "unlearn_lambda": 1.0,
    "unlearn_samples": 256,
    "target_suppression": 0.2,
    "include_target_in_unlearning": false
  },
  "runtime_sec": 64.04451751708984
}