{
  "dataset": "DBLP",
  "model": "HAN",
  "attack": "uba",
  "seed": 4,
  "target_type": "author",
  "num_classes": 4,
  "target_class": 0,
  "poison_rate": 0.2,
  "trigger_size": 10,
  "attack_metrics": {
    "clean_acc": 0.850806474685669,
    "backdoored_clean_acc": 0.7096773982048035,
    "clean_acc_drop": 0.14112907648086548,
    "clean_trigger_asr": 0.13294798135757446,
    "clean_trigger_clean_acc": 0.9066666960716248,
    "poisoned_asr": 0.9768785834312439,
    "poisoned_asr_clean_acc": 0.8399999737739563,
    "natural_target_ratio": 0.0,
    "learned_backdoor_gap": 0.8439306020736694,
    "n_poison_nodes": 146,
    "n_trigger_nodes": 10
  },
  "defenses": {
    "unlearn": {
      "defense_clean_acc": 0.7822580933570862,
      "defense_asr": 0.011560693383216858,
      "defense_asr_clean_acc": 0.8266666531562805,
      "natural_target_ratio": 0.0,
      "defense_name": "HeteroGuard-Unlearn",
      "train_info": {
        "best_epoch": 21,
        "best_val_acc": 0.7925311326980591,
        "last_loss": 0.03039969690144062,
        "last_clean_loss": 0.023084720596671104,
        "last_unlearn_loss": 0.007098762318491936,
        "last_suppress_loss": 0.001081068767234683,
        "unlearn_samples": 256,
        "unlearn_lambda": 1.0,
        "target_suppression": 0.2,
        "mode": "weighted_unlearn",
        "hard_removed_train_nodes": 146,
        "use_trigger_unlearning": true
      },
      "detection_precision": 1.0,
      "detection_recall": 1.0,
      "detection_f1": 1.0,
      "suspicious_nodes": 146,
      "hard_removed_train_nodes": 146,
      "use_trigger_unlearning": true,
      "unlearn_lambda": 1.0,
      "unlearn_samples": 256,
      "target_suppression": 0.2,
      "asr_drop": 0.965317890048027,
      "utility_drop": 0.06854838132858276
    }
  },
  "attacker_info": {
    "attack_name": "uba",
    "target_node_type": "author",
    "target_class": 0,
    "poison_rate": 0.2,
    "trigger_size": 10,
    "poisoned_node_indices": [
      1776,
      3380,
      3422,
      20,
      477,
      2225,
      2259,
      2592,
      3774,
      847,
      942,
      86,
      3282,
      3703,
      3,
      601,
      3626,
      2393,
      3343,
      3344,
      3045,
      2921,
      1223,
      2602,
      648,
      2860,
      2179,
      2534,
      11,
      3480,
      431,
      1707,
      3564,
      1663,
      3419,
      36,
      2816,
      1704,
      891,
      3276,
      776,
      1010,
      3251,
      3475,
      62,
      2469,
      390,
      895,
      2756,
      1979,
      930,
      3712,
      1284,
      758,
      3760,
      1621,
      539,
      2557,
      517,
      2548,
      2577,
      681,
      2631,
      2405,
      729,
      3256,
      943,
      2182,
      1787,
      1016,
      2677,
      3750,
      3956,
      2553,
      350,
      344,
      1484,
      3747,
      255,
      2643,
      3067,
      2348,
      3826,
      1194,
      3735,
      1742,
      438,
      2849,
      866,
      63,
      576,
      3278,
      2199,
      2457,
      1039,
      2986,
      10,
      832,
      3504,
      719,
      711,
      2600,
      3088,
      382,
      627,
      3601,
      921,
      2451,
      2833,
      1624,
      449,
      1660,
      2226,
      964,
      1119,
      1709,
      585,
      3641,
      3010,
      1533,
      795,
      584,
      372,
      971,
      1108,
      1136,
      3453,
      494,
      1687,
      2711,
      2773,
      2958,
      2426,
      1820,
      3729,
      445,
      674,
      3696,
      759,
      823,
      2001,
      3046,
      2545,
      3603,
      3468,
      3272
    ],
    "trigger_node_indices": {
      "author": [
        4057,
        4058,
        4059,
        4060,
        4061,
        4062,
        4063,
        4064,
        4065,
        4066
      ]
    },
    "trigger_edge_types": [
      "('author', 'backdoor', 'author')",
      "('author', 'rev_backdoor', 'author')",
      "('author', 'trigger_link', 'author')",
      "('author', 'rev_trigger_link', 'author')"
    ],
    "target_feature_boost": true,
    "target_feature_strength": 4.0,
    "metadata": {
      "node_types": [
        "author",
        "paper",
        "term",
        "venue"
      ],
      "edge_types": [
        "('author', 'to', 'paper')",
        "('paper', 'to', 'term')",
        "('paper', 'to', 'venue')",
        "('paper', 'to', 'author')",
        "('term', 'to', 'paper')",
        "('venue', 'to', 'paper')",
        "('paper', 'rev_to', 'author')",
        "('term', 'rev_to', 'paper')",
        "('venue', 'rev_to', 'paper')",
        "('author', 'rev_to', 'paper')",
        "('paper', 'rev_to', 'term')",
        "('paper', 'rev_to', 'venue')"
      ],
      "target_node_type": "author",
      "num_classes": 4,
      "trigger_feature_dims": [
        63,
        23,
        321,
        295,
        135,
        222,
        152,
        242,
        64,
        170
      ],
      "target_feature_boost_dims": [
        63,
        23,
        321,
        295,
        135,
        222,
        152,
        242,
        64,
        170
      ],
      "poisoned_nodes": 146,
      "trigger_nodes": 10,
      "trigger_type": "uba_hybrid",
      "use_clique": true,
      "target_feature_boost": true,
      "max_trigger_size": 50
    }
  },
  "config": {
    "seed": 4,
    "data_dir": "./data",
    "output_dir": "./results_model_generalization_5seeds",
    "save_results": true,
    "device": "cuda",
    "debug": false,
    "verbose": false,
    "dataset": "DBLP",
    "model": "HAN",
    "attack": "uba",
    "hidden_dim": 128,
    "num_heads": 4,
    "num_layers": 2,
    "dropout": 0.5,
    "num_bases": 8,
    "epochs": 200,
    "clean_epochs": null,
    "poison_epochs": null,
    "clean_probe_epochs": null,
    "lr": 0.01,
    "weight_decay": 0.0005,
    "patience": 50,
    "poison_save_best": "last",
    "poison_rate": 0.2,
    "trigger_size": 10,
    "target_class": 0,
    "trigger_strength": 3.0,
    "surrogate_epochs": 30,
    "num_inject": 200,
    "relation_mode": "hybrid",
    "target_feature_strength": 4.0,
    "aux_feature_strength": 6.0,
    "no_aux_clique": false,
    "defenses": "unlearn",
    "pretrain_epochs": 50,
    "pretrain_lr": 0.005,
    "defense_epochs": 100,
    "defense_lr": 0.005,
    "defense_weight_decay": 0.0001,
    "detection_ratio": 0.2,
    "use_label_signal": false,
    "min_weight": 0.0,
    "max_downweight": 1.0,
    "unlearn_lambda": 1.0,
    "unlearn_samples": 256,
    "target_suppression": 0.2,
    "include_target_in_unlearning": false
  },
  "runtime_sec": 54.982722997665405
}