{
  "dataset": "ACM",
  "model": "HGT",
  "attack": "clean_label",
  "seed": 1,
  "target_type": "paper",
  "num_classes": 3,
  "target_class": 0,
  "poison_rate": 0.2,
  "trigger_size": 10,
  "attack_metrics": {
    "clean_acc": 0.8152173757553101,
    "backdoored_clean_acc": 0.8369565010070801,
    "clean_acc_drop": -0.02173912525177002,
    "clean_trigger_asr": 0.171875,
    "clean_trigger_clean_acc": 0.8571428656578064,
    "poisoned_asr": 0.796875,
    "poisoned_asr_clean_acc": 0.75,
    "natural_target_ratio": 0.0,
    "learned_backdoor_gap": 0.625,
    "n_poison_nodes": 109,
    "n_trigger_nodes": 10
  },
  "defenses": {
    "unlearn": {
      "defense_clean_acc": 0.8152173757553101,
      "defense_asr": 0.0,
      "defense_asr_clean_acc": 0.6428571343421936,
      "natural_target_ratio": 0.0,
      "defense_name": "HeteroGuard-Unlearn",
      "train_info": {
        "best_epoch": 33,
        "best_val_acc": 0.8388888835906982,
        "last_loss": 0.0012111663818359375,
        "last_clean_loss": 0.0006934261764399707,
        "last_unlearn_loss": 0.0004780651070177555,
        "last_suppress_loss": 0.00019837520085275173,
        "unlearn_samples": 256,
        "unlearn_lambda": 1.0,
        "target_suppression": 0.2,
        "mode": "weighted_unlearn",
        "hard_removed_train_nodes": 109,
        "use_trigger_unlearning": true
      },
      "detection_precision": 1.0,
      "detection_recall": 1.0,
      "detection_f1": 1.0,
      "suspicious_nodes": 109,
      "hard_removed_train_nodes": 109,
      "use_trigger_unlearning": true,
      "unlearn_lambda": 1.0,
      "unlearn_samples": 256,
      "target_suppression": 0.2,
      "asr_drop": 0.796875,
      "utility_drop": 0.0
    }
  },
  "attacker_info": {
    "attack_name": "clean_label",
    "target_node_type": "paper",
    "target_class": 0,
    "poison_rate": 0.2,
    "trigger_size": 10,
    "poisoned_node_indices": [
      1775,
      1902,
      1367,
      1873,
      1483,
      991,
      1542,
      841,
      832,
      1461,
      1041,
      1581,
      1676,
      1649,
      1630,
      1697,
      1930,
      862,
      1640,
      854,
      891,
      1780,
      1381,
      965,
      1880,
      1767,
      1209,
      1838,
      1923,
      1595,
      1711,
      1789,
      873,
      979,
      851,
      982,
      1449,
      1161,
      1556,
      988,
      1111,
      1076,
      1915,
      1809,
      1201,
      1919,
      1572,
      1396,
      1034,
      2365,
      1007,
      1395,
      942,
      833,
      1933,
      910,
      1899,
      941,
      1373,
      1557,
      1044,
      880,
      1385,
      1701,
      1593,
      1243,
      1636,
      1066,
      1791,
      2386,
      1589,
      1465,
      1059,
      1935,
      1255,
      903,
      966,
      1703,
      2397,
      1338,
      1128,
      920,
      1071,
      886,
      1608,
      1050,
      804,
      1087,
      881,
      1616,
      1078,
      1257,
      1214,
      1897,
      1391,
      1561,
      1114,
      1192,
      1562,
      1730,
      2374,
      1195,
      1619,
      976,
      870,
      1756,
      1782,
      882,
      1096
    ],
    "trigger_node_indices": {
      "term": [
        1902,
        1903,
        1904,
        1905,
        1906,
        1907,
        1908,
        1909,
        1910,
        1911
      ]
    },
    "trigger_edge_types": [
      "('term', 'to', 'paper')",
      "('paper', 'rev_to', 'term')",
      "('term', 'trigger_link', 'term')",
      "('term', 'rev_trigger_link', 'term')"
    ],
    "target_feature_boost": true,
    "target_feature_strength": 4.0,
    "metadata": {
      "node_types": [
        "paper",
        "author",
        "subject",
        "term"
      ],
      "edge_types": [
        "('paper', 'cite', 'paper')",
        "('paper', 'ref', 'paper')",
        "('paper', 'to', 'author')",
        "('author', 'to', 'paper')",
        "('paper', 'to', 'subject')",
        "('subject', 'to', 'paper')",
        "('paper', 'to', 'term')",
        "('term', 'to', 'paper')",
        "('paper', 'rev_cite', 'paper')",
        "('paper', 'rev_ref', 'paper')",
        "('author', 'rev_to', 'paper')",
        "('paper', 'rev_to', 'author')",
        "('subject', 'rev_to', 'paper')",
        "('paper', 'rev_to', 'subject')",
        "('term', 'rev_to', 'paper')",
        "('paper', 'rev_to', 'term')"
      ],
      "target_node_type": "paper",
      "num_classes": 3,
      "trigger_feature_dims": [
        0,
        1,
        2,
        82,
        60,
        25,
        118,
        77,
        46,
        36
      ],
      "target_feature_boost_dims": [
        17,
        22,
        129,
        35,
        206,
        15,
        26,
        21,
        1,
        10
      ],
      "poisoned_nodes": 109,
      "trigger_nodes": 10,
      "trigger_type": "clean_label_hybrid",
      "trigger_mode": "relation",
      "label_flipped": false,
      "target_feature_boost": true,
      "relation_edge_type": "('term', 'to', 'paper')"
    }
  },
  "config": {
    "seed": 1,
    "data_dir": "./data",
    "output_dir": "./results_model_generalization_5seeds",
    "save_results": true,
    "device": "cuda",
    "debug": false,
    "verbose": false,
    "dataset": "ACM",
    "model": "HGT",
    "attack": "clean_label",
    "hidden_dim": 128,
    "num_heads": 4,
    "num_layers": 2,
    "dropout": 0.5,
    "num_bases": 8,
    "epochs": 200,
    "clean_epochs": null,
    "poison_epochs": null,
    "clean_probe_epochs": null,
    "lr": 0.01,
    "weight_decay": 0.0005,
    "patience": 50,
    "poison_save_best": "last",
    "poison_rate": 0.2,
    "trigger_size": 10,
    "target_class": 0,
    "trigger_strength": 3.0,
    "surrogate_epochs": 30,
    "num_inject": 200,
    "relation_mode": "hybrid",
    "target_feature_strength": 4.0,
    "aux_feature_strength": 6.0,
    "no_aux_clique": false,
    "defenses": "unlearn",
    "pretrain_epochs": 50,
    "pretrain_lr": 0.005,
    "defense_epochs": 100,
    "defense_lr": 0.005,
    "defense_weight_decay": 0.0001,
    "detection_ratio": 0.2,
    "use_label_signal": false,
    "min_weight": 0.0,
    "max_downweight": 1.0,
    "unlearn_lambda": 1.0,
    "unlearn_samples": 256,
    "target_suppression": 0.2,
    "include_target_in_unlearning": false
  },
  "runtime_sec": 145.67846250534058
}