{
  "dataset": "DBLP",
  "model": "HeteroSAGE",
  "attack": "clean_label",
  "seed": 1,
  "target_type": "author",
  "num_classes": 4,
  "target_class": 0,
  "poison_rate": 0.2,
  "trigger_size": 10,
  "attack_metrics": {
    "clean_acc": 0.8266128897666931,
    "backdoored_clean_acc": 0.7177419066429138,
    "clean_acc_drop": 0.1088709831237793,
    "clean_trigger_asr": 0.10982658714056015,
    "clean_trigger_clean_acc": 0.8799999952316284,
    "poisoned_asr": 0.9248554706573486,
    "poisoned_asr_clean_acc": 0.6000000238418579,
    "natural_target_ratio": 0.0,
    "learned_backdoor_gap": 0.8150288835167885,
    "n_poison_nodes": 146,
    "n_trigger_nodes": 10
  },
  "defenses": {
    "unlearn": {
      "defense_clean_acc": 0.7943548560142517,
      "defense_asr": 0.0,
      "defense_asr_clean_acc": 0.54666668176651,
      "natural_target_ratio": 0.0,
      "defense_name": "HeteroGuard-Unlearn",
      "train_info": {
        "best_epoch": 15,
        "best_val_acc": 0.7385892271995544,
        "last_loss": 0.00367545778863132,
        "last_clean_loss": 0.0032777097076177597,
        "last_unlearn_loss": 0.0003689737932290882,
        "last_suppress_loss": 0.00014387174451258034,
        "unlearn_samples": 256,
        "unlearn_lambda": 1.0,
        "target_suppression": 0.2,
        "mode": "weighted_unlearn",
        "hard_removed_train_nodes": 146,
        "use_trigger_unlearning": true
      },
      "detection_precision": 1.0,
      "detection_recall": 1.0,
      "detection_f1": 1.0,
      "suspicious_nodes": 146,
      "hard_removed_train_nodes": 146,
      "use_trigger_unlearning": true,
      "unlearn_lambda": 1.0,
      "unlearn_samples": 256,
      "target_suppression": 0.2,
      "asr_drop": 0.9248554706573486,
      "utility_drop": 0.032258033752441406
    }
  },
  "attacker_info": {
    "attack_name": "clean_label",
    "target_node_type": "author",
    "target_class": 0,
    "poison_rate": 0.2,
    "trigger_size": 10,
    "poisoned_node_indices": [
      3142,
      1150,
      1322,
      1517,
      2087,
      3634,
      3018,
      2532,
      3016,
      3487,
      3163,
      3155,
      4036,
      1395,
      2587,
      2520,
      2740,
      4009,
      3900,
      3159,
      3178,
      4037,
      3926,
      4006,
      2020,
      3948,
      3631,
      2247,
      1858,
      2570,
      1445,
      3998,
      2523,
      192,
      3910,
      4045,
      3937,
      1977,
      1013,
      3929,
      2948,
      362,
      2138,
      2261,
      2275,
      120,
      1143,
      1331,
      2994,
      3098,
      1999,
      4013,
      1943,
      1345,
      1870,
      2931,
      1453,
      2126,
      2535,
      1421,
      3648,
      4003,
      2923,
      2800,
      4002,
      2723,
      4034,
      3902,
      1930,
      2837,
      215,
      2233,
      3198,
      3977,
      2051,
      224,
      1456,
      2573,
      2669,
      1369,
      1451,
      2262,
      2604,
      2618,
      1362,
      1450,
      1376,
      2528,
      1907,
      3097,
      1292,
      3224,
      2045,
      2156,
      3212,
      3663,
      3092,
      294,
      2134,
      3306,
      251,
      2406,
      3200,
      1417,
      1965,
      1426,
      1835,
      2036,
      2969,
      2251,
      4021,
      2128,
      2022,
      2808,
      2246,
      3104,
      2670,
      2956,
      1414,
      2527,
      3017,
      1419,
      1947,
      2214,
      1910,
      4050,
      1323,
      1762,
      3642,
      756,
      3965,
      1448,
      2821,
      2616,
      2989,
      1356,
      2121,
      4011,
      2245,
      2768,
      1630,
      2741,
      3309,
      3133,
      1923,
      3209
    ],
    "trigger_node_indices": {
      "paper": [
        14328,
        14329,
        14330,
        14331,
        14332,
        14333,
        14334,
        14335,
        14336,
        14337
      ]
    },
    "trigger_edge_types": [
      "('paper', 'to', 'author')",
      "('author', 'rev_to', 'paper')",
      "('paper', 'trigger_link', 'paper')",
      "('paper', 'rev_trigger_link', 'paper')"
    ],
    "target_feature_boost": true,
    "target_feature_strength": 4.0,
    "metadata": {
      "node_types": [
        "author",
        "paper",
        "term",
        "venue"
      ],
      "edge_types": [
        "('author', 'to', 'paper')",
        "('paper', 'to', 'term')",
        "('paper', 'to', 'venue')",
        "('paper', 'to', 'author')",
        "('term', 'to', 'paper')",
        "('venue', 'to', 'paper')",
        "('paper', 'rev_to', 'author')",
        "('term', 'rev_to', 'paper')",
        "('venue', 'rev_to', 'paper')",
        "('author', 'rev_to', 'paper')",
        "('paper', 'rev_to', 'term')",
        "('paper', 'rev_to', 'venue')"
      ],
      "target_node_type": "author",
      "num_classes": 4,
      "trigger_feature_dims": [
        31,
        950,
        955,
        3074,
        8,
        4065,
        2081,
        2358,
        2338,
        1866
      ],
      "target_feature_boost_dims": [
        63,
        23,
        321,
        295,
        135,
        222,
        152,
        242,
        64,
        170
      ],
      "poisoned_nodes": 146,
      "trigger_nodes": 10,
      "trigger_type": "clean_label_hybrid",
      "trigger_mode": "relation",
      "label_flipped": false,
      "target_feature_boost": true,
      "relation_edge_type": "('paper', 'to', 'author')"
    }
  },
  "config": {
    "seed": 1,
    "data_dir": "./data",
    "output_dir": "./results_model_generalization_5seeds",
    "save_results": true,
    "device": "cuda",
    "debug": false,
    "verbose": false,
    "dataset": "DBLP",
    "model": "HeteroSAGE",
    "attack": "clean_label",
    "hidden_dim": 128,
    "num_heads": 4,
    "num_layers": 2,
    "dropout": 0.5,
    "num_bases": 8,
    "epochs": 200,
    "clean_epochs": null,
    "poison_epochs": null,
    "clean_probe_epochs": null,
    "lr": 0.01,
    "weight_decay": 0.0005,
    "patience": 50,
    "poison_save_best": "last",
    "poison_rate": 0.2,
    "trigger_size": 10,
    "target_class": 0,
    "trigger_strength": 3.0,
    "surrogate_epochs": 30,
    "num_inject": 200,
    "relation_mode": "hybrid",
    "target_feature_strength": 4.0,
    "aux_feature_strength": 6.0,
    "no_aux_clique": false,
    "defenses": "unlearn",
    "pretrain_epochs": 50,
    "pretrain_lr": 0.005,
    "defense_epochs": 100,
    "defense_lr": 0.005,
    "defense_weight_decay": 0.0001,
    "detection_ratio": 0.2,
    "use_label_signal": false,
    "min_weight": 0.0,
    "max_downweight": 1.0,
    "unlearn_lambda": 1.0,
    "unlearn_samples": 256,
    "target_suppression": 0.2,
    "include_target_in_unlearning": false
  },
  "runtime_sec": 38.738338232040405
}