{
  "dataset": "DBLP",
  "model": "HAN",
  "attack": "relation",
  "seed": 2,
  "target_type": "author",
  "num_classes": 4,
  "target_class": 0,
  "poison_rate": 0.2,
  "trigger_size": 10,
  "attack_metrics": {
    "clean_acc": 0.8427419066429138,
    "backdoored_clean_acc": 0.7177419066429138,
    "clean_acc_drop": 0.125,
    "clean_trigger_asr": 0.16763006150722504,
    "clean_trigger_clean_acc": 0.8799999952316284,
    "poisoned_asr": 1.0,
    "poisoned_asr_clean_acc": 0.7866666913032532,
    "natural_target_ratio": 0.0,
    "learned_backdoor_gap": 0.832369938492775,
    "n_poison_nodes": 146,
    "n_trigger_nodes": 10
  },
  "defenses": {
    "unlearn": {
      "defense_clean_acc": 0.8024193644523621,
      "defense_asr": 0.005780346691608429,
      "defense_asr_clean_acc": 0.9066666960716248,
      "natural_target_ratio": 0.0,
      "defense_name": "HeteroGuard-Unlearn",
      "train_info": {
        "best_epoch": 14,
        "best_val_acc": 0.8008299469947815,
        "last_loss": 0.044408317655324936,
        "last_clean_loss": 0.024889353662729263,
        "last_unlearn_loss": 0.019475392997264862,
        "last_suppress_loss": 0.0002178529102820903,
        "unlearn_samples": 256,
        "unlearn_lambda": 1.0,
        "target_suppression": 0.2,
        "mode": "weighted_unlearn",
        "hard_removed_train_nodes": 146,
        "use_trigger_unlearning": true
      },
      "detection_precision": 1.0,
      "detection_recall": 1.0,
      "detection_f1": 1.0,
      "suspicious_nodes": 146,
      "hard_removed_train_nodes": 146,
      "use_trigger_unlearning": true,
      "unlearn_lambda": 1.0,
      "unlearn_samples": 256,
      "target_suppression": 0.2,
      "asr_drop": 0.9942196533083916,
      "utility_drop": 0.04032254219055176
    }
  },
  "attacker_info": {
    "attack_name": "relation",
    "target_node_type": "author",
    "target_class": 0,
    "poison_rate": 0.2,
    "trigger_size": 10,
    "poisoned_node_indices": [
      2551,
      1632,
      3318,
      2259,
      3826,
      2385,
      3600,
      2801,
      3610,
      3312,
      1012,
      719,
      681,
      139,
      1338,
      997,
      3776,
      2978,
      3738,
      1278,
      3109,
      1717,
      68,
      43,
      3460,
      1559,
      506,
      1991,
      3758,
      395,
      3475,
      3439,
      2592,
      7,
      2298,
      2878,
      882,
      590,
      1802,
      635,
      656,
      2711,
      441,
      748,
      1596,
      1034,
      1636,
      3602,
      338,
      2650,
      1238,
      1272,
      768,
      2017,
      862,
      2863,
      1638,
      1741,
      779,
      431,
      2117,
      921,
      466,
      2107,
      1119,
      931,
      3290,
      3380,
      3076,
      1585,
      438,
      598,
      1979,
      1466,
      1761,
      3431,
      1879,
      746,
      3474,
      539,
      1990,
      2049,
      3067,
      2269,
      3422,
      2860,
      122,
      3765,
      2921,
      1040,
      1996,
      3712,
      374,
      1078,
      1349,
      1472,
      758,
      776,
      1259,
      832,
      1432,
      1301,
      2548,
      3497,
      1318,
      1687,
      699,
      2393,
      979,
      3504,
      3735,
      3400,
      3641,
      2976,
      1231,
      2179,
      2182,
      103,
      1880,
      714,
      634,
      452,
      3321,
      2068,
      1326,
      2677,
      1564,
      255,
      677,
      3528,
      3626,
      983,
      2682,
      3407,
      1619,
      2588,
      1315,
      3552,
      2643,
      3481,
      180,
      877,
      2701,
      1166,
      963,
      1093
    ],
    "trigger_node_indices": {
      "paper": [
        14328,
        14329,
        14330,
        14331,
        14332,
        14333,
        14334,
        14335,
        14336,
        14337
      ]
    },
    "trigger_edge_types": [
      "('paper', 'to', 'author')",
      "('author', 'rev_to', 'paper')",
      "('paper', 'trigger_link', 'paper')",
      "('paper', 'rev_trigger_link', 'paper')"
    ],
    "target_feature_boost": true,
    "target_feature_strength": 4.0,
    "metadata": {
      "node_types": [
        "author",
        "paper",
        "term",
        "venue"
      ],
      "edge_types": [
        "('author', 'to', 'paper')",
        "('paper', 'to', 'term')",
        "('paper', 'to', 'venue')",
        "('paper', 'to', 'author')",
        "('term', 'to', 'paper')",
        "('venue', 'to', 'paper')",
        "('paper', 'rev_to', 'author')",
        "('term', 'rev_to', 'paper')",
        "('venue', 'rev_to', 'paper')",
        "('author', 'rev_to', 'paper')",
        "('paper', 'rev_to', 'term')",
        "('paper', 'rev_to', 'venue')"
      ],
      "target_node_type": "author",
      "num_classes": 4,
      "trigger_feature_dims": [
        31,
        950,
        955,
        3074,
        8,
        4065,
        2081,
        2358,
        2338,
        1866
      ],
      "target_feature_boost_dims": [
        63,
        23,
        321,
        295,
        135,
        222,
        152,
        242,
        64,
        170
      ],
      "poisoned_nodes": 146,
      "trigger_nodes": 10,
      "trigger_type": "relation_hybrid",
      "relation_edge_type": "('paper', 'to', 'author')",
      "aux_node_type": "paper",
      "use_aux_clique": true,
      "target_feature_boost": true
    }
  },
  "config": {
    "seed": 2,
    "data_dir": "./data",
    "output_dir": "./results_model_generalization_5seeds",
    "save_results": true,
    "device": "cuda",
    "debug": false,
    "verbose": false,
    "dataset": "DBLP",
    "model": "HAN",
    "attack": "relation",
    "hidden_dim": 128,
    "num_heads": 4,
    "num_layers": 2,
    "dropout": 0.5,
    "num_bases": 8,
    "epochs": 200,
    "clean_epochs": null,
    "poison_epochs": null,
    "clean_probe_epochs": null,
    "lr": 0.01,
    "weight_decay": 0.0005,
    "patience": 50,
    "poison_save_best": "last",
    "poison_rate": 0.2,
    "trigger_size": 10,
    "target_class": 0,
    "trigger_strength": 3.0,
    "surrogate_epochs": 30,
    "num_inject": 200,
    "relation_mode": "hybrid",
    "target_feature_strength": 4.0,
    "aux_feature_strength": 6.0,
    "no_aux_clique": false,
    "defenses": "unlearn",
    "pretrain_epochs": 50,
    "pretrain_lr": 0.005,
    "defense_epochs": 100,
    "defense_lr": 0.005,
    "defense_weight_decay": 0.0001,
    "detection_ratio": 0.2,
    "use_label_signal": false,
    "min_weight": 0.0,
    "max_downweight": 1.0,
    "unlearn_lambda": 1.0,
    "unlearn_samples": 256,
    "target_suppression": 0.2,
    "include_target_in_unlearning": false
  },
  "runtime_sec": 48.36076307296753
}