{
  "dataset": "DBLP",
  "model": "RGCN",
  "attack": "uba",
  "seed": 5,
  "target_type": "author",
  "num_classes": 4,
  "target_class": 0,
  "poison_rate": 0.2,
  "trigger_size": 10,
  "attack_metrics": {
    "clean_acc": 0.8709677457809448,
    "backdoored_clean_acc": 0.850806474685669,
    "clean_acc_drop": 0.02016127109527588,
    "clean_trigger_asr": 0.05780346691608429,
    "clean_trigger_clean_acc": 0.8666666746139526,
    "poisoned_asr": 1.0,
    "poisoned_asr_clean_acc": 0.9066666960716248,
    "natural_target_ratio": 0.0,
    "learned_backdoor_gap": 0.9421965330839157,
    "n_poison_nodes": 146,
    "n_trigger_nodes": 10
  },
  "defenses": {
    "unlearn": {
      "defense_clean_acc": 0.8588709831237793,
      "defense_asr": 0.0,
      "defense_asr_clean_acc": 0.8933333158493042,
      "natural_target_ratio": 0.0,
      "defense_name": "HeteroGuard-Unlearn",
      "train_info": {
        "best_epoch": 7,
        "best_val_acc": 0.8547718524932861,
        "last_loss": 4.9295569624518976e-05,
        "last_clean_loss": 4.769937731907703e-05,
        "last_unlearn_loss": 1.596177071405691e-06,
        "last_suppress_loss": 6.529823903811405e-11,
        "unlearn_samples": 256,
        "unlearn_lambda": 1.0,
        "target_suppression": 0.2,
        "mode": "weighted_unlearn",
        "hard_removed_train_nodes": 146,
        "use_trigger_unlearning": true
      },
      "detection_precision": 1.0,
      "detection_recall": 1.0,
      "detection_f1": 1.0,
      "suspicious_nodes": 146,
      "hard_removed_train_nodes": 146,
      "use_trigger_unlearning": true,
      "unlearn_lambda": 1.0,
      "unlearn_samples": 256,
      "target_suppression": 0.2,
      "asr_drop": 1.0,
      "utility_drop": 0.012096762657165527
    }
  },
  "attacker_info": {
    "attack_name": "uba",
    "target_node_type": "author",
    "target_class": 0,
    "poison_rate": 0.2,
    "trigger_size": 10,
    "poisoned_node_indices": [
      3067,
      1093,
      1301,
      950,
      518,
      427,
      449,
      1039,
      711,
      86,
      1860,
      2107,
      2550,
      589,
      3174,
      714,
      438,
      2701,
      1687,
      3045,
      247,
      1007,
      1528,
      1704,
      2517,
      905,
      3765,
      3750,
      1086,
      3621,
      2434,
      2911,
      1564,
      2259,
      2182,
      776,
      3747,
      653,
      1026,
      656,
      255,
      3279,
      2405,
      3720,
      372,
      2627,
      314,
      2773,
      3878,
      397,
      1660,
      1979,
      1349,
      1780,
      681,
      1188,
      3099,
      847,
      1742,
      891,
      2034,
      323,
      76,
      2537,
      627,
      3439,
      971,
      896,
      2209,
      3312,
      3802,
      2863,
      3,
      3600,
      2513,
      995,
      767,
      2682,
      1385,
      647,
      2756,
      3530,
      857,
      3238,
      1096,
      139,
      1636,
      724,
      3351,
      3626,
      420,
      3641,
      2935,
      1879,
      3735,
      3480,
      3791,
      98,
      1787,
      2548,
      725,
      1741,
      1897,
      1136,
      931,
      3529,
      1432,
      2179,
      1140,
      2649,
      1466,
      1444,
      624,
      2451,
      3624,
      2001,
      2801,
      2553,
      3874,
      823,
      2643,
      1108,
      584,
      1227,
      2849,
      2472,
      1584,
      382,
      2813,
      3081,
      1223,
      1273,
      795,
      1912,
      1122,
      1270,
      933,
      690,
      2226,
      1187,
      766,
      2170,
      3419,
      695,
      3956,
      3547
    ],
    "trigger_node_indices": {
      "author": [
        4057,
        4058,
        4059,
        4060,
        4061,
        4062,
        4063,
        4064,
        4065,
        4066
      ]
    },
    "trigger_edge_types": [
      "('author', 'backdoor', 'author')",
      "('author', 'rev_backdoor', 'author')",
      "('author', 'trigger_link', 'author')",
      "('author', 'rev_trigger_link', 'author')"
    ],
    "target_feature_boost": true,
    "target_feature_strength": 4.0,
    "metadata": {
      "node_types": [
        "author",
        "paper",
        "term",
        "venue"
      ],
      "edge_types": [
        "('author', 'to', 'paper')",
        "('paper', 'to', 'term')",
        "('paper', 'to', 'venue')",
        "('paper', 'to', 'author')",
        "('term', 'to', 'paper')",
        "('venue', 'to', 'paper')",
        "('paper', 'rev_to', 'author')",
        "('term', 'rev_to', 'paper')",
        "('venue', 'rev_to', 'paper')",
        "('author', 'rev_to', 'paper')",
        "('paper', 'rev_to', 'term')",
        "('paper', 'rev_to', 'venue')"
      ],
      "target_node_type": "author",
      "num_classes": 4,
      "trigger_feature_dims": [
        63,
        23,
        321,
        295,
        135,
        222,
        152,
        242,
        64,
        170
      ],
      "target_feature_boost_dims": [
        63,
        23,
        321,
        295,
        135,
        222,
        152,
        242,
        64,
        170
      ],
      "poisoned_nodes": 146,
      "trigger_nodes": 10,
      "trigger_type": "uba_hybrid",
      "use_clique": true,
      "target_feature_boost": true,
      "max_trigger_size": 50
    }
  },
  "config": {
    "seed": 5,
    "data_dir": "./data",
    "output_dir": "./results_model_generalization_5seeds",
    "save_results": true,
    "device": "cuda",
    "debug": false,
    "verbose": false,
    "dataset": "DBLP",
    "model": "RGCN",
    "attack": "uba",
    "hidden_dim": 128,
    "num_heads": 4,
    "num_layers": 2,
    "dropout": 0.5,
    "num_bases": 8,
    "epochs": 200,
    "clean_epochs": null,
    "poison_epochs": null,
    "clean_probe_epochs": null,
    "lr": 0.01,
    "weight_decay": 0.0005,
    "patience": 50,
    "poison_save_best": "last",
    "poison_rate": 0.2,
    "trigger_size": 10,
    "target_class": 0,
    "trigger_strength": 3.0,
    "surrogate_epochs": 30,
    "num_inject": 200,
    "relation_mode": "hybrid",
    "target_feature_strength": 4.0,
    "aux_feature_strength": 6.0,
    "no_aux_clique": false,
    "defenses": "unlearn",
    "pretrain_epochs": 50,
    "pretrain_lr": 0.005,
    "defense_epochs": 100,
    "defense_lr": 0.005,
    "defense_weight_decay": 0.0001,
    "detection_ratio": 0.2,
    "use_label_signal": false,
    "min_weight": 0.0,
    "max_downweight": 1.0,
    "unlearn_lambda": 1.0,
    "unlearn_samples": 256,
    "target_suppression": 0.2,
    "include_target_in_unlearning": false
  },
  "runtime_sec": 58.091886043548584
}