{
  "dataset": "ACM",
  "model": "RGCN",
  "attack": "clean_label",
  "seed": 2,
  "target_type": "paper",
  "num_classes": 3,
  "target_class": 0,
  "poison_rate": 0.2,
  "trigger_size": 10,
  "attack_metrics": {
    "clean_acc": 0.864130437374115,
    "backdoored_clean_acc": 0.89673912525177,
    "clean_acc_drop": -0.03260868787765503,
    "clean_trigger_asr": 0.1171875,
    "clean_trigger_clean_acc": 0.8214285969734192,
    "poisoned_asr": 0.265625,
    "poisoned_asr_clean_acc": 0.8035714030265808,
    "natural_target_ratio": 0.0,
    "learned_backdoor_gap": 0.1484375,
    "n_poison_nodes": 109,
    "n_trigger_nodes": 10
  },
  "defenses": {
    "unlearn": {
      "defense_clean_acc": 0.8586956262588501,
      "defense_asr": 0.0625,
      "defense_asr_clean_acc": 0.7678571343421936,
      "natural_target_ratio": 0.0,
      "defense_name": "HeteroGuard-Unlearn",
      "train_info": {
        "best_epoch": 78,
        "best_val_acc": 0.9111111164093018,
        "last_loss": 0.007306904532015324,
        "last_clean_loss": 0.006091225426644087,
        "last_unlearn_loss": 0.001144408481195569,
        "last_suppress_loss": 0.0003563525388017297,
        "unlearn_samples": 256,
        "unlearn_lambda": 1.0,
        "target_suppression": 0.2,
        "mode": "weighted_unlearn",
        "hard_removed_train_nodes": 109,
        "use_trigger_unlearning": true
      },
      "detection_precision": 1.0,
      "detection_recall": 1.0,
      "detection_f1": 1.0,
      "suspicious_nodes": 109,
      "hard_removed_train_nodes": 109,
      "use_trigger_unlearning": true,
      "unlearn_lambda": 1.0,
      "unlearn_samples": 256,
      "target_suppression": 0.2,
      "asr_drop": 0.203125,
      "utility_drop": 0.005434811115264893
    }
  },
  "attacker_info": {
    "attack_name": "clean_label",
    "target_node_type": "paper",
    "target_class": 0,
    "poison_rate": 0.2,
    "trigger_size": 10,
    "poisoned_node_indices": [
      1367,
      1902,
      2397,
      1133,
      1243,
      1720,
      1897,
      1041,
      1078,
      1756,
      1857,
      1050,
      1838,
      854,
      1608,
      1542,
      880,
      824,
      1059,
      1719,
      1485,
      1201,
      934,
      2370,
      1056,
      1128,
      1461,
      1589,
      1483,
      1640,
      1706,
      1588,
      1873,
      1372,
      1701,
      1702,
      1573,
      971,
      1809,
      1791,
      1631,
      891,
      1815,
      1465,
      1767,
      865,
      1449,
      1034,
      1753,
      882,
      1581,
      1477,
      1697,
      1338,
      1919,
      982,
      966,
      988,
      1562,
      1265,
      1727,
      980,
      1935,
      1586,
      1913,
      811,
      1896,
      910,
      862,
      1066,
      886,
      2374,
      873,
      1556,
      881,
      1394,
      1619,
      870,
      1124,
      1899,
      1209,
      1699,
      1391,
      1787,
      903,
      833,
      804,
      1684,
      1096,
      965,
      1779,
      1627,
      1093,
      1766,
      1114,
      1912,
      1257,
      841,
      1676,
      1930,
      920,
      1782,
      1369,
      1111,
      1381,
      942,
      1076,
      921,
      991
    ],
    "trigger_node_indices": {
      "term": [
        1902,
        1903,
        1904,
        1905,
        1906,
        1907,
        1908,
        1909,
        1910,
        1911
      ]
    },
    "trigger_edge_types": [
      "('term', 'to', 'paper')",
      "('paper', 'rev_to', 'term')",
      "('term', 'trigger_link', 'term')",
      "('term', 'rev_trigger_link', 'term')"
    ],
    "target_feature_boost": true,
    "target_feature_strength": 4.0,
    "metadata": {
      "node_types": [
        "paper",
        "author",
        "subject",
        "term"
      ],
      "edge_types": [
        "('paper', 'cite', 'paper')",
        "('paper', 'ref', 'paper')",
        "('paper', 'to', 'author')",
        "('author', 'to', 'paper')",
        "('paper', 'to', 'subject')",
        "('subject', 'to', 'paper')",
        "('paper', 'to', 'term')",
        "('term', 'to', 'paper')",
        "('paper', 'rev_cite', 'paper')",
        "('paper', 'rev_ref', 'paper')",
        "('author', 'rev_to', 'paper')",
        "('paper', 'rev_to', 'author')",
        "('subject', 'rev_to', 'paper')",
        "('paper', 'rev_to', 'subject')",
        "('term', 'rev_to', 'paper')",
        "('paper', 'rev_to', 'term')"
      ],
      "target_node_type": "paper",
      "num_classes": 3,
      "trigger_feature_dims": [
        0,
        1,
        2,
        82,
        60,
        25,
        118,
        77,
        46,
        36
      ],
      "target_feature_boost_dims": [
        17,
        22,
        129,
        35,
        206,
        15,
        26,
        21,
        1,
        10
      ],
      "poisoned_nodes": 109,
      "trigger_nodes": 10,
      "trigger_type": "clean_label_hybrid",
      "trigger_mode": "relation",
      "label_flipped": false,
      "target_feature_boost": true,
      "relation_edge_type": "('term', 'to', 'paper')"
    }
  },
  "config": {
    "seed": 2,
    "data_dir": "./data",
    "output_dir": "./results_model_generalization_5seeds",
    "save_results": true,
    "device": "cuda",
    "debug": false,
    "verbose": false,
    "dataset": "ACM",
    "model": "RGCN",
    "attack": "clean_label",
    "hidden_dim": 128,
    "num_heads": 4,
    "num_layers": 2,
    "dropout": 0.5,
    "num_bases": 8,
    "epochs": 200,
    "clean_epochs": null,
    "poison_epochs": null,
    "clean_probe_epochs": null,
    "lr": 0.01,
    "weight_decay": 0.0005,
    "patience": 50,
    "poison_save_best": "last",
    "poison_rate": 0.2,
    "trigger_size": 10,
    "target_class": 0,
    "trigger_strength": 3.0,
    "surrogate_epochs": 30,
    "num_inject": 200,
    "relation_mode": "hybrid",
    "target_feature_strength": 4.0,
    "aux_feature_strength": 6.0,
    "no_aux_clique": false,
    "defenses": "unlearn",
    "pretrain_epochs": 50,
    "pretrain_lr": 0.005,
    "defense_epochs": 100,
    "defense_lr": 0.005,
    "defense_weight_decay": 0.0001,
    "detection_ratio": 0.2,
    "use_label_signal": false,
    "min_weight": 0.0,
    "max_downweight": 1.0,
    "unlearn_lambda": 1.0,
    "unlearn_samples": 256,
    "target_suppression": 0.2,
    "include_target_in_unlearning": false
  },
  "runtime_sec": 96.50983238220215
}