{
  "dataset": "ACM",
  "model": "HGT",
  "attack": "clean_label",
  "seed": 5,
  "target_type": "paper",
  "num_classes": 3,
  "target_class": 0,
  "poison_rate": 0.2,
  "trigger_size": 10,
  "attack_metrics": {
    "clean_acc": 0.8913043737411499,
    "backdoored_clean_acc": 0.7989130616188049,
    "clean_acc_drop": 0.09239131212234497,
    "clean_trigger_asr": 0.09375,
    "clean_trigger_clean_acc": 0.8214285969734192,
    "poisoned_asr": 1.0,
    "poisoned_asr_clean_acc": 0.5357142686843872,
    "natural_target_ratio": 0.0,
    "learned_backdoor_gap": 0.90625,
    "n_poison_nodes": 109,
    "n_trigger_nodes": 10
  },
  "defenses": {
    "unlearn": {
      "defense_clean_acc": 0.8152173757553101,
      "defense_asr": 0.0234375,
      "defense_asr_clean_acc": 0.5535714030265808,
      "natural_target_ratio": 0.0,
      "defense_name": "HeteroGuard-Unlearn",
      "train_info": {
        "best_epoch": 26,
        "best_val_acc": 0.9055556058883667,
        "last_loss": 0.0010094547178596258,
        "last_clean_loss": 0.0006422576843760908,
        "last_unlearn_loss": 0.00034251200850121677,
        "last_suppress_loss": 0.00012342508125584573,
        "unlearn_samples": 256,
        "unlearn_lambda": 1.0,
        "target_suppression": 0.2,
        "mode": "weighted_unlearn",
        "hard_removed_train_nodes": 109,
        "use_trigger_unlearning": true
      },
      "detection_precision": 1.0,
      "detection_recall": 1.0,
      "detection_f1": 1.0,
      "suspicious_nodes": 109,
      "hard_removed_train_nodes": 109,
      "use_trigger_unlearning": true,
      "unlearn_lambda": 1.0,
      "unlearn_samples": 256,
      "target_suppression": 0.2,
      "asr_drop": 0.9765625,
      "utility_drop": 0.07608699798583984
    }
  },
  "attacker_info": {
    "attack_name": "clean_label",
    "target_node_type": "paper",
    "target_class": 0,
    "poison_rate": 0.2,
    "trigger_size": 10,
    "poisoned_node_indices": [
      1915,
      1593,
      1391,
      1787,
      1727,
      1636,
      1265,
      1483,
      882,
      1107,
      1730,
      1896,
      804,
      1066,
      1711,
      2374,
      1780,
      1161,
      1573,
      965,
      833,
      1809,
      1591,
      1595,
      1255,
      1096,
      1589,
      873,
      1649,
      1815,
      1772,
      1128,
      881,
      2349,
      1581,
      1720,
      1923,
      1150,
      1369,
      1557,
      934,
      820,
      1697,
      1791,
      982,
      991,
      865,
      860,
      1209,
      1461,
      1114,
      938,
      976,
      1251,
      1938,
      1767,
      854,
      1838,
      988,
      1041,
      1702,
      1676,
      1214,
      1684,
      1542,
      870,
      1899,
      1699,
      1857,
      1076,
      1616,
      1880,
      1111,
      1078,
      1338,
      811,
      979,
      1726,
      1784,
      1935,
      1930,
      1387,
      1367,
      1919,
      1775,
      1619,
      1562,
      1897,
      851,
      1902,
      1588,
      920,
      1756,
      903,
      1933,
      1485,
      1381,
      1373,
      942,
      1093,
      921,
      1779,
      1627,
      1372,
      941,
      1572,
      1782,
      1395,
      841
    ],
    "trigger_node_indices": {
      "term": [
        1902,
        1903,
        1904,
        1905,
        1906,
        1907,
        1908,
        1909,
        1910,
        1911
      ]
    },
    "trigger_edge_types": [
      "('term', 'to', 'paper')",
      "('paper', 'rev_to', 'term')",
      "('term', 'trigger_link', 'term')",
      "('term', 'rev_trigger_link', 'term')"
    ],
    "target_feature_boost": true,
    "target_feature_strength": 4.0,
    "metadata": {
      "node_types": [
        "paper",
        "author",
        "subject",
        "term"
      ],
      "edge_types": [
        "('paper', 'cite', 'paper')",
        "('paper', 'ref', 'paper')",
        "('paper', 'to', 'author')",
        "('author', 'to', 'paper')",
        "('paper', 'to', 'subject')",
        "('subject', 'to', 'paper')",
        "('paper', 'to', 'term')",
        "('term', 'to', 'paper')",
        "('paper', 'rev_cite', 'paper')",
        "('paper', 'rev_ref', 'paper')",
        "('author', 'rev_to', 'paper')",
        "('paper', 'rev_to', 'author')",
        "('subject', 'rev_to', 'paper')",
        "('paper', 'rev_to', 'subject')",
        "('term', 'rev_to', 'paper')",
        "('paper', 'rev_to', 'term')"
      ],
      "target_node_type": "paper",
      "num_classes": 3,
      "trigger_feature_dims": [
        0,
        1,
        2,
        82,
        60,
        25,
        118,
        77,
        46,
        36
      ],
      "target_feature_boost_dims": [
        17,
        22,
        129,
        35,
        206,
        15,
        26,
        21,
        1,
        10
      ],
      "poisoned_nodes": 109,
      "trigger_nodes": 10,
      "trigger_type": "clean_label_hybrid",
      "trigger_mode": "relation",
      "label_flipped": false,
      "target_feature_boost": true,
      "relation_edge_type": "('term', 'to', 'paper')"
    }
  },
  "config": {
    "seed": 5,
    "data_dir": "./data",
    "output_dir": "./results_model_generalization_5seeds",
    "save_results": true,
    "device": "cuda",
    "debug": false,
    "verbose": false,
    "dataset": "ACM",
    "model": "HGT",
    "attack": "clean_label",
    "hidden_dim": 128,
    "num_heads": 4,
    "num_layers": 2,
    "dropout": 0.5,
    "num_bases": 8,
    "epochs": 200,
    "clean_epochs": null,
    "poison_epochs": null,
    "clean_probe_epochs": null,
    "lr": 0.01,
    "weight_decay": 0.0005,
    "patience": 50,
    "poison_save_best": "last",
    "poison_rate": 0.2,
    "trigger_size": 10,
    "target_class": 0,
    "trigger_strength": 3.0,
    "surrogate_epochs": 30,
    "num_inject": 200,
    "relation_mode": "hybrid",
    "target_feature_strength": 4.0,
    "aux_feature_strength": 6.0,
    "no_aux_clique": false,
    "defenses": "unlearn",
    "pretrain_epochs": 50,
    "pretrain_lr": 0.005,
    "defense_epochs": 100,
    "defense_lr": 0.005,
    "defense_weight_decay": 0.0001,
    "detection_ratio": 0.2,
    "use_label_signal": false,
    "min_weight": 0.0,
    "max_downweight": 1.0,
    "unlearn_lambda": 1.0,
    "unlearn_samples": 256,
    "target_suppression": 0.2,
    "include_target_in_unlearning": false
  },
  "runtime_sec": 158.52630519866943
}