{
  "dataset": "DBLP",
  "model": "HeteroSAGE",
  "attack": "uba",
  "seed": 1,
  "target_type": "author",
  "num_classes": 4,
  "target_class": 0,
  "poison_rate": 0.2,
  "trigger_size": 10,
  "attack_metrics": {
    "clean_acc": 0.8266128897666931,
    "backdoored_clean_acc": 0.7782257795333862,
    "clean_acc_drop": 0.048387110233306885,
    "clean_trigger_asr": 0.09826589375734329,
    "clean_trigger_clean_acc": 0.8533333539962769,
    "poisoned_asr": 0.9768785834312439,
    "poisoned_asr_clean_acc": 0.8133333325386047,
    "natural_target_ratio": 0.0,
    "learned_backdoor_gap": 0.8786126896739006,
    "n_poison_nodes": 146,
    "n_trigger_nodes": 10
  },
  "defenses": {
    "unlearn": {
      "defense_clean_acc": 0.8387096524238586,
      "defense_asr": 0.005780346691608429,
      "defense_asr_clean_acc": 0.8266666531562805,
      "natural_target_ratio": 0.0,
      "defense_name": "HeteroGuard-Unlearn",
      "train_info": {
        "best_epoch": 11,
        "best_val_acc": 0.8049793243408203,
        "last_loss": 0.0009413897059857845,
        "last_clean_loss": 0.0005328741390258074,
        "last_unlearn_loss": 0.00039025157457217574,
        "last_suppress_loss": 9.132002014666796e-05,
        "unlearn_samples": 256,
        "unlearn_lambda": 1.0,
        "target_suppression": 0.2,
        "mode": "weighted_unlearn",
        "hard_removed_train_nodes": 146,
        "use_trigger_unlearning": true
      },
      "detection_precision": 1.0,
      "detection_recall": 1.0,
      "detection_f1": 1.0,
      "suspicious_nodes": 146,
      "hard_removed_train_nodes": 146,
      "use_trigger_unlearning": true,
      "unlearn_lambda": 1.0,
      "unlearn_samples": 256,
      "target_suppression": 0.2,
      "asr_drop": 0.9710982367396355,
      "utility_drop": -0.012096762657165527
    }
  },
  "attacker_info": {
    "attack_name": "uba",
    "target_node_type": "author",
    "target_class": 0,
    "poison_rate": 0.2,
    "trigger_size": 10,
    "poisoned_node_indices": [
      779,
      1556,
      758,
      3088,
      2801,
      1794,
      997,
      1980,
      1780,
      3791,
      3784,
      1687,
      3760,
      2863,
      3067,
      1136,
      2298,
      3413,
      2469,
      2976,
      449,
      98,
      3826,
      598,
      2631,
      2602,
      494,
      1660,
      445,
      2677,
      699,
      2586,
      775,
      1990,
      1234,
      3661,
      3603,
      1663,
      86,
      506,
      1998,
      853,
      1704,
      2756,
      589,
      1017,
      2650,
      2170,
      535,
      3874,
      931,
      344,
      1315,
      1781,
      963,
      2513,
      1741,
      1349,
      2068,
      1188,
      983,
      1210,
      1585,
      2546,
      1879,
      3853,
      1636,
      3042,
      195,
      3010,
      2429,
      7,
      1710,
      748,
      1284,
      1012,
      584,
      1166,
      323,
      1506,
      2701,
      2393,
      420,
      1672,
      141,
      1897,
      3641,
      1137,
      3400,
      3419,
      2117,
      2001,
      1538,
      518,
      1224,
      3278,
      1261,
      2049,
      1078,
      432,
      2778,
      585,
      2813,
      656,
      995,
      3480,
      790,
      603,
      635,
      3431,
      711,
      3282,
      3765,
      46,
      1258,
      2417,
      1040,
      139,
      2517,
      1086,
      1632,
      1584,
      690,
      984,
      166,
      1026,
      2935,
      2911,
      1466,
      230,
      1124,
      2534,
      3371,
      2030,
      2226,
      3712,
      2831,
      1717,
      2259,
      1638,
      1301,
      2545,
      525,
      648,
      767,
      3626
    ],
    "trigger_node_indices": {
      "author": [
        4057,
        4058,
        4059,
        4060,
        4061,
        4062,
        4063,
        4064,
        4065,
        4066
      ]
    },
    "trigger_edge_types": [
      "('author', 'backdoor', 'author')",
      "('author', 'rev_backdoor', 'author')",
      "('author', 'trigger_link', 'author')",
      "('author', 'rev_trigger_link', 'author')"
    ],
    "target_feature_boost": true,
    "target_feature_strength": 4.0,
    "metadata": {
      "node_types": [
        "author",
        "paper",
        "term",
        "venue"
      ],
      "edge_types": [
        "('author', 'to', 'paper')",
        "('paper', 'to', 'term')",
        "('paper', 'to', 'venue')",
        "('paper', 'to', 'author')",
        "('term', 'to', 'paper')",
        "('venue', 'to', 'paper')",
        "('paper', 'rev_to', 'author')",
        "('term', 'rev_to', 'paper')",
        "('venue', 'rev_to', 'paper')",
        "('author', 'rev_to', 'paper')",
        "('paper', 'rev_to', 'term')",
        "('paper', 'rev_to', 'venue')"
      ],
      "target_node_type": "author",
      "num_classes": 4,
      "trigger_feature_dims": [
        63,
        23,
        321,
        295,
        135,
        222,
        152,
        242,
        64,
        170
      ],
      "target_feature_boost_dims": [
        63,
        23,
        321,
        295,
        135,
        222,
        152,
        242,
        64,
        170
      ],
      "poisoned_nodes": 146,
      "trigger_nodes": 10,
      "trigger_type": "uba_hybrid",
      "use_clique": true,
      "target_feature_boost": true,
      "max_trigger_size": 50
    }
  },
  "config": {
    "seed": 1,
    "data_dir": "./data",
    "output_dir": "./results_model_generalization_5seeds",
    "save_results": true,
    "device": "cuda",
    "debug": false,
    "verbose": false,
    "dataset": "DBLP",
    "model": "HeteroSAGE",
    "attack": "uba",
    "hidden_dim": 128,
    "num_heads": 4,
    "num_layers": 2,
    "dropout": 0.5,
    "num_bases": 8,
    "epochs": 200,
    "clean_epochs": null,
    "poison_epochs": null,
    "clean_probe_epochs": null,
    "lr": 0.01,
    "weight_decay": 0.0005,
    "patience": 50,
    "poison_save_best": "last",
    "poison_rate": 0.2,
    "trigger_size": 10,
    "target_class": 0,
    "trigger_strength": 3.0,
    "surrogate_epochs": 30,
    "num_inject": 200,
    "relation_mode": "hybrid",
    "target_feature_strength": 4.0,
    "aux_feature_strength": 6.0,
    "no_aux_clique": false,
    "defenses": "unlearn",
    "pretrain_epochs": 50,
    "pretrain_lr": 0.005,
    "defense_epochs": 100,
    "defense_lr": 0.005,
    "defense_weight_decay": 0.0001,
    "detection_ratio": 0.2,
    "use_label_signal": false,
    "min_weight": 0.0,
    "max_downweight": 1.0,
    "unlearn_lambda": 1.0,
    "unlearn_samples": 256,
    "target_suppression": 0.2,
    "include_target_in_unlearning": false
  },
  "runtime_sec": 43.296626329422
}