{
  "dataset": "DBLP",
  "model": "RGCN",
  "attack": "clean_label",
  "seed": 4,
  "target_type": "author",
  "num_classes": 4,
  "target_class": 0,
  "poison_rate": 0.2,
  "trigger_size": 10,
  "attack_metrics": {
    "clean_acc": 0.8467742204666138,
    "backdoored_clean_acc": 0.7943548560142517,
    "clean_acc_drop": 0.05241936445236206,
    "clean_trigger_asr": 0.040462426841259,
    "clean_trigger_clean_acc": 0.8266666531562805,
    "poisoned_asr": 0.9710982441902161,
    "poisoned_asr_clean_acc": 0.6399999856948853,
    "natural_target_ratio": 0.0,
    "learned_backdoor_gap": 0.9306358173489571,
    "n_poison_nodes": 146,
    "n_trigger_nodes": 10
  },
  "defenses": {
    "unlearn": {
      "defense_clean_acc": 0.8306451439857483,
      "defense_asr": 0.0,
      "defense_asr_clean_acc": 0.653333306312561,
      "natural_target_ratio": 0.0,
      "defense_name": "HeteroGuard-Unlearn",
      "train_info": {
        "best_epoch": 27,
        "best_val_acc": 0.8008299469947815,
        "last_loss": 0.0001640448026591912,
        "last_clean_loss": 0.00015986162179615349,
        "last_unlearn_loss": 4.176521088083973e-06,
        "last_suppress_loss": 3.3356982953591796e-08,
        "unlearn_samples": 256,
        "unlearn_lambda": 1.0,
        "target_suppression": 0.2,
        "mode": "weighted_unlearn",
        "hard_removed_train_nodes": 146,
        "use_trigger_unlearning": true
      },
      "detection_precision": 1.0,
      "detection_recall": 1.0,
      "detection_f1": 1.0,
      "suspicious_nodes": 146,
      "hard_removed_train_nodes": 146,
      "use_trigger_unlearning": true,
      "unlearn_lambda": 1.0,
      "unlearn_samples": 256,
      "target_suppression": 0.2,
      "asr_drop": 0.9710982441902161,
      "utility_drop": 0.01612907648086548
    }
  },
  "attacker_info": {
    "attack_name": "clean_label",
    "target_node_type": "author",
    "target_class": 0,
    "poison_rate": 0.2,
    "trigger_size": 10,
    "poisoned_node_indices": [
      1013,
      1977,
      2126,
      1331,
      2768,
      2741,
      2726,
      3098,
      2153,
      4045,
      1445,
      2275,
      1933,
      2129,
      3900,
      2069,
      1923,
      2616,
      3043,
      2038,
      3961,
      2994,
      4011,
      3016,
      3155,
      1381,
      1451,
      3965,
      4013,
      1320,
      1870,
      3163,
      2573,
      2821,
      2134,
      3932,
      2520,
      2723,
      3910,
      3092,
      2527,
      1491,
      3104,
      251,
      233,
      3235,
      2836,
      1762,
      3178,
      1322,
      1343,
      3200,
      1345,
      3646,
      2121,
      3973,
      3648,
      4009,
      2247,
      2061,
      3021,
      192,
      3142,
      1999,
      2036,
      1292,
      1474,
      2851,
      2150,
      2233,
      1367,
      1150,
      2671,
      3022,
      2251,
      2149,
      2045,
      4021,
      4036,
      2237,
      2808,
      1858,
      1323,
      3224,
      2969,
      2604,
      1205,
      3634,
      3902,
      3926,
      3929,
      4050,
      4005,
      3997,
      2138,
      2827,
      203,
      1414,
      1369,
      2937,
      2252,
      2214,
      2304,
      3309,
      2923,
      4025,
      3028,
      2800,
      2156,
      362,
      1356,
      1548,
      215,
      2406,
      3017,
      3198,
      3998,
      3231,
      120,
      1362,
      224,
      3977,
      3176,
      2532,
      2570,
      2605,
      3209,
      2261,
      3196,
      2670,
      2618,
      4034,
      3020,
      1404,
      2767,
      3008,
      4016,
      2253,
      3487,
      2523,
      1480,
      3988,
      1964,
      1517,
      1395,
      3948
    ],
    "trigger_node_indices": {
      "paper": [
        14328,
        14329,
        14330,
        14331,
        14332,
        14333,
        14334,
        14335,
        14336,
        14337
      ]
    },
    "trigger_edge_types": [
      "('paper', 'to', 'author')",
      "('author', 'rev_to', 'paper')",
      "('paper', 'trigger_link', 'paper')",
      "('paper', 'rev_trigger_link', 'paper')"
    ],
    "target_feature_boost": true,
    "target_feature_strength": 4.0,
    "metadata": {
      "node_types": [
        "author",
        "paper",
        "term",
        "venue"
      ],
      "edge_types": [
        "('author', 'to', 'paper')",
        "('paper', 'to', 'term')",
        "('paper', 'to', 'venue')",
        "('paper', 'to', 'author')",
        "('term', 'to', 'paper')",
        "('venue', 'to', 'paper')",
        "('paper', 'rev_to', 'author')",
        "('term', 'rev_to', 'paper')",
        "('venue', 'rev_to', 'paper')",
        "('author', 'rev_to', 'paper')",
        "('paper', 'rev_to', 'term')",
        "('paper', 'rev_to', 'venue')"
      ],
      "target_node_type": "author",
      "num_classes": 4,
      "trigger_feature_dims": [
        31,
        950,
        955,
        3074,
        8,
        4065,
        2081,
        2358,
        2338,
        1866
      ],
      "target_feature_boost_dims": [
        63,
        23,
        321,
        295,
        135,
        222,
        152,
        242,
        64,
        170
      ],
      "poisoned_nodes": 146,
      "trigger_nodes": 10,
      "trigger_type": "clean_label_hybrid",
      "trigger_mode": "relation",
      "label_flipped": false,
      "target_feature_boost": true,
      "relation_edge_type": "('paper', 'to', 'author')"
    }
  },
  "config": {
    "seed": 4,
    "data_dir": "./data",
    "output_dir": "./results_model_generalization_5seeds",
    "save_results": true,
    "device": "cuda",
    "debug": false,
    "verbose": false,
    "dataset": "DBLP",
    "model": "RGCN",
    "attack": "clean_label",
    "hidden_dim": 128,
    "num_heads": 4,
    "num_layers": 2,
    "dropout": 0.5,
    "num_bases": 8,
    "epochs": 200,
    "clean_epochs": null,
    "poison_epochs": null,
    "clean_probe_epochs": null,
    "lr": 0.01,
    "weight_decay": 0.0005,
    "patience": 50,
    "poison_save_best": "last",
    "poison_rate": 0.2,
    "trigger_size": 10,
    "target_class": 0,
    "trigger_strength": 3.0,
    "surrogate_epochs": 30,
    "num_inject": 200,
    "relation_mode": "hybrid",
    "target_feature_strength": 4.0,
    "aux_feature_strength": 6.0,
    "no_aux_clique": false,
    "defenses": "unlearn",
    "pretrain_epochs": 50,
    "pretrain_lr": 0.005,
    "defense_epochs": 100,
    "defense_lr": 0.005,
    "defense_weight_decay": 0.0001,
    "detection_ratio": 0.2,
    "use_label_signal": false,
    "min_weight": 0.0,
    "max_downweight": 1.0,
    "unlearn_lambda": 1.0,
    "unlearn_samples": 256,
    "target_suppression": 0.2,
    "include_target_in_unlearning": false
  },
  "runtime_sec": 55.41565823554993
}