{
  "dataset": "ACM",
  "model": "HAN",
  "attack": "relation",
  "seed": 4,
  "target_type": "paper",
  "num_classes": 3,
  "target_class": 0,
  "poison_rate": 0.2,
  "trigger_size": 10,
  "robustness_group": "inaccurate_detection_ratio",
  "robustness_value": "0.5",
  "drop_detected_ratio": 0.0,
  "adaptive_variant": null,
  "attack_metrics": {
    "clean_acc": 0.8913043737411499,
    "backdoored_clean_acc": 0.842391312122345,
    "clean_acc_drop": 0.04891306161880493,
    "clean_trigger_asr": 0.0703125,
    "clean_trigger_clean_acc": 0.7678571343421936,
    "poisoned_asr": 1.0,
    "poisoned_asr_clean_acc": 0.7857142686843872,
    "natural_target_ratio": 0.0,
    "learned_backdoor_gap": 0.9296875,
    "n_poison_nodes": 109
  },
  "defense": {
    "defense_clean_acc": 0.820652186870575,
    "defense_asr": 0.125,
    "defense_asr_clean_acc": 0.6785714030265808,
    "natural_target_ratio": 0.0,
    "detection_precision": 1.0,
    "detection_recall": 0.4954128440366973,
    "detection_f1": 0.6625766871165644,
    "suspicious_nodes": 54,
    "hard_removed_train_nodes": 54,
    "asr_drop": 0.875,
    "utility_drop": 0.07065218687057495,
    "relative_asr_reduction": 0.875,
    "partial_detection_failure": null,
    "pretrain_info": {
      "best_epoch": 21,
      "best_val_acc": 0.9277778267860413
    },
    "train_info": {
      "best_epoch": 12,
      "best_val_acc": 0.8500000238418579,
      "last_loss": 0.028000788763165474,
      "last_clean_loss": 0.01965910941362381,
      "last_unlearn_loss": 0.007561249192804098,
      "last_suppress_loss": 0.0039021496195346117,
      "unlearn_samples": 256,
      "unlearn_lambda": 1.0,
      "target_suppression": 0.2,
      "mode": "weighted_unlearn",
      "hard_removed_train_nodes": 54,
      "use_trigger_unlearning": true
    }
  },
  "attacker_info": {
    "attack_name": "relation",
    "target_node_type": "paper",
    "target_class": 0,
    "poison_rate": 0.2,
    "trigger_size": 10,
    "poisoned_node_indices": [
      2453,
      1305,
      79,
      90,
      676,
      2560,
      2696,
      1316,
      21,
      39,
      785,
      2566,
      689,
      2815,
      2903,
      114,
      698,
      2905,
      1228,
      2451,
      2733,
      614,
      757,
      2122,
      178,
      2494,
      2999,
      2604,
      1321,
      555,
      337,
      353,
      137,
      1170,
      597,
      586,
      2272,
      191,
      2326,
      1517,
      242,
      2179,
      554,
      2007,
      2483,
      2039,
      1949,
      1990,
      122,
      7,
      27,
      789,
      196,
      2710,
      543,
      2150,
      2080,
      386,
      542,
      168,
      485,
      2286,
      691,
      2464,
      2146,
      189,
      176,
      588,
      309,
      1352,
      1414,
      764,
      396,
      36,
      428,
      499,
      2689,
      250,
      163,
      696,
      2951,
      2478,
      181,
      2975,
      613,
      265,
      62,
      1981,
      1960,
      2217,
      2535,
      2532,
      651,
      1336,
      755,
      2661,
      371,
      25,
      2055,
      214,
      1993,
      2977,
      78,
      1173,
      717,
      494,
      2963,
      404,
      658
    ],
    "trigger_node_indices": {
      "term": [
        1902,
        1903,
        1904,
        1905,
        1906,
        1907,
        1908,
        1909,
        1910,
        1911
      ]
    },
    "trigger_edge_types": [
      "('term', 'to', 'paper')",
      "('paper', 'rev_to', 'term')",
      "('term', 'trigger_link', 'term')",
      "('term', 'rev_trigger_link', 'term')"
    ],
    "target_feature_boost": true,
    "target_feature_strength": 4.0,
    "metadata": {
      "node_types": [
        "paper",
        "author",
        "subject",
        "term"
      ],
      "edge_types": [
        "('paper', 'cite', 'paper')",
        "('paper', 'ref', 'paper')",
        "('paper', 'to', 'author')",
        "('author', 'to', 'paper')",
        "('paper', 'to', 'subject')",
        "('subject', 'to', 'paper')",
        "('paper', 'to', 'term')",
        "('term', 'to', 'paper')",
        "('paper', 'rev_cite', 'paper')",
        "('paper', 'rev_ref', 'paper')",
        "('author', 'rev_to', 'paper')",
        "('paper', 'rev_to', 'author')",
        "('subject', 'rev_to', 'paper')",
        "('paper', 'rev_to', 'subject')",
        "('term', 'rev_to', 'paper')",
        "('paper', 'rev_to', 'term')"
      ],
      "target_node_type": "paper",
      "num_classes": 3,
      "trigger_feature_dims": [
        0,
        1,
        2,
        82,
        60,
        25,
        118,
        77,
        46,
        36
      ],
      "target_feature_boost_dims": [
        17,
        22,
        129,
        35,
        206,
        15,
        26,
        21,
        1,
        10
      ],
      "poisoned_nodes": 109,
      "trigger_nodes": 10,
      "trigger_type": "relation_hybrid",
      "relation_edge_type": "('term', 'to', 'paper')",
      "aux_node_type": "term",
      "use_aux_clique": true,
      "target_feature_boost": true
    }
  },
  "config": {
    "seed": 4,
    "data_dir": "./data",
    "output_dir": "./results_robustness_acm_han_5seeds",
    "save_results": true,
    "device": "cuda",
    "debug": false,
    "verbose": false,
    "dataset": "ACM",
    "model": "HAN",
    "attack": "relation",
    "hidden_dim": 128,
    "num_heads": 4,
    "num_layers": 2,
    "dropout": 0.5,
    "num_bases": 8,
    "epochs": 200,
    "clean_epochs": null,
    "poison_epochs": null,
    "clean_probe_epochs": null,
    "lr": 0.01,
    "weight_decay": 0.0005,
    "patience": 50,
    "poison_save_best": "last",
    "poison_rate": 0.2,
    "trigger_size": 10,
    "target_class": 0,
    "trigger_strength": 3.0,
    "surrogate_epochs": 30,
    "num_inject": 200,
    "relation_mode": "hybrid",
    "target_feature_strength": 4.0,
    "aux_feature_strength": 6.0,
    "no_aux_clique": false,
    "pretrain_epochs": 50,
    "pretrain_lr": 0.005,
    "defense_epochs": 100,
    "defense_lr": 0.005,
    "defense_weight_decay": 0.0001,
    "detection_ratio": 0.1,
    "use_label_signal": false,
    "min_weight": 0.0,
    "max_downweight": 1.0,
    "unlearn_lambda": 1.0,
    "unlearn_samples": 256,
    "target_suppression": 0.2,
    "include_target_in_unlearning": false,
    "robustness_group": "inaccurate_detection_ratio",
    "robustness_value": "0.5",
    "drop_detected_ratio": 0.0,
    "adaptive_variant": null
  },
  "runtime_sec": 70.88462948799133
}