{
  "dataset": "ACM",
  "model": "HAN",
  "attack": "relation",
  "seed": 2,
  "target_type": "paper",
  "num_classes": 3,
  "target_class": 0,
  "poison_rate": 0.2,
  "trigger_size": 10,
  "robustness_group": "partial_detection_failure",
  "robustness_value": "0.2",
  "drop_detected_ratio": 0.2,
  "adaptive_variant": null,
  "attack_metrics": {
    "clean_acc": 0.8804348111152649,
    "backdoored_clean_acc": 0.7554348111152649,
    "clean_acc_drop": 0.125,
    "clean_trigger_asr": 0.0625,
    "clean_trigger_clean_acc": 0.7857142686843872,
    "poisoned_asr": 0.96875,
    "poisoned_asr_clean_acc": 0.7857142686843872,
    "natural_target_ratio": 0.0,
    "learned_backdoor_gap": 0.90625,
    "n_poison_nodes": 109
  },
  "defense": {
    "defense_clean_acc": 0.8586956262588501,
    "defense_asr": 0.0546875,
    "defense_asr_clean_acc": 0.8392857313156128,
    "natural_target_ratio": 0.0,
    "detection_precision": 1.0,
    "detection_recall": 1.0,
    "detection_f1": 1.0,
    "suspicious_nodes": 109,
    "hard_removed_train_nodes": 87,
    "asr_drop": 0.9140625,
    "utility_drop": 0.021739184856414795,
    "relative_asr_reduction": 0.9435483870967742,
    "partial_detection_failure": {
      "drop_ratio": 0.2,
      "original_suspicious": 109,
      "kept_suspicious": 87,
      "dropped_suspicious": 22
    },
    "pretrain_info": {
      "best_epoch": 16,
      "best_val_acc": 0.9055556058883667
    },
    "train_info": {
      "best_epoch": 14,
      "best_val_acc": 0.8833333253860474,
      "last_loss": 0.008166174404323101,
      "last_clean_loss": 0.003395902691408992,
      "last_unlearn_loss": 0.004447287414222956,
      "last_suppress_loss": 0.001614920562133193,
      "unlearn_samples": 256,
      "unlearn_lambda": 1.0,
      "target_suppression": 0.2,
      "mode": "weighted_unlearn",
      "hard_removed_train_nodes": 87,
      "use_trigger_unlearning": true
    }
  },
  "attacker_info": {
    "attack_name": "relation",
    "target_node_type": "paper",
    "target_class": 0,
    "poison_rate": 0.2,
    "trigger_size": 10,
    "poisoned_node_indices": [
      2848,
      1332,
      2080,
      789,
      2489,
      2043,
      608,
      1181,
      2505,
      2211,
      2901,
      139,
      445,
      2259,
      1946,
      2439,
      2610,
      776,
      1173,
      2498,
      658,
      2263,
      541,
      2850,
      1423,
      441,
      689,
      477,
      160,
      1170,
      229,
      522,
      2156,
      471,
      2566,
      372,
      2565,
      667,
      1275,
      2485,
      2999,
      2084,
      613,
      2483,
      2180,
      538,
      2453,
      2569,
      456,
      693,
      2469,
      629,
      246,
      2839,
      309,
      580,
      494,
      1344,
      2677,
      2769,
      2286,
      1957,
      1960,
      6,
      2754,
      1311,
      622,
      2556,
      428,
      278,
      546,
      389,
      2544,
      122,
      1331,
      404,
      1336,
      2977,
      787,
      2653,
      2815,
      651,
      1189,
      114,
      461,
      768,
      165,
      2696,
      176,
      14,
      2279,
      366,
      152,
      2055,
      2849,
      265,
      2962,
      169,
      7,
      2951,
      725,
      598,
      2645,
      597,
      2323,
      2018,
      2039,
      766,
      2060
    ],
    "trigger_node_indices": {
      "term": [
        1902,
        1903,
        1904,
        1905,
        1906,
        1907,
        1908,
        1909,
        1910,
        1911
      ]
    },
    "trigger_edge_types": [
      "('term', 'to', 'paper')",
      "('paper', 'rev_to', 'term')",
      "('term', 'trigger_link', 'term')",
      "('term', 'rev_trigger_link', 'term')"
    ],
    "target_feature_boost": true,
    "target_feature_strength": 4.0,
    "metadata": {
      "node_types": [
        "paper",
        "author",
        "subject",
        "term"
      ],
      "edge_types": [
        "('paper', 'cite', 'paper')",
        "('paper', 'ref', 'paper')",
        "('paper', 'to', 'author')",
        "('author', 'to', 'paper')",
        "('paper', 'to', 'subject')",
        "('subject', 'to', 'paper')",
        "('paper', 'to', 'term')",
        "('term', 'to', 'paper')",
        "('paper', 'rev_cite', 'paper')",
        "('paper', 'rev_ref', 'paper')",
        "('author', 'rev_to', 'paper')",
        "('paper', 'rev_to', 'author')",
        "('subject', 'rev_to', 'paper')",
        "('paper', 'rev_to', 'subject')",
        "('term', 'rev_to', 'paper')",
        "('paper', 'rev_to', 'term')"
      ],
      "target_node_type": "paper",
      "num_classes": 3,
      "trigger_feature_dims": [
        0,
        1,
        2,
        82,
        60,
        25,
        118,
        77,
        46,
        36
      ],
      "target_feature_boost_dims": [
        17,
        22,
        129,
        35,
        206,
        15,
        26,
        21,
        1,
        10
      ],
      "poisoned_nodes": 109,
      "trigger_nodes": 10,
      "trigger_type": "relation_hybrid",
      "relation_edge_type": "('term', 'to', 'paper')",
      "aux_node_type": "term",
      "use_aux_clique": true,
      "target_feature_boost": true
    }
  },
  "config": {
    "seed": 2,
    "data_dir": "./data",
    "output_dir": "./results_robustness_acm_han_5seeds",
    "save_results": true,
    "device": "cuda",
    "debug": false,
    "verbose": false,
    "dataset": "ACM",
    "model": "HAN",
    "attack": "relation",
    "hidden_dim": 128,
    "num_heads": 4,
    "num_layers": 2,
    "dropout": 0.5,
    "num_bases": 8,
    "epochs": 200,
    "clean_epochs": null,
    "poison_epochs": null,
    "clean_probe_epochs": null,
    "lr": 0.01,
    "weight_decay": 0.0005,
    "patience": 50,
    "poison_save_best": "last",
    "poison_rate": 0.2,
    "trigger_size": 10,
    "target_class": 0,
    "trigger_strength": 3.0,
    "surrogate_epochs": 30,
    "num_inject": 200,
    "relation_mode": "hybrid",
    "target_feature_strength": 4.0,
    "aux_feature_strength": 6.0,
    "no_aux_clique": false,
    "pretrain_epochs": 50,
    "pretrain_lr": 0.005,
    "defense_epochs": 100,
    "defense_lr": 0.005,
    "defense_weight_decay": 0.0001,
    "detection_ratio": 0.2,
    "use_label_signal": false,
    "min_weight": 0.0,
    "max_downweight": 1.0,
    "unlearn_lambda": 1.0,
    "unlearn_samples": 256,
    "target_suppression": 0.2,
    "include_target_in_unlearning": false,
    "robustness_group": "partial_detection_failure",
    "robustness_value": "0.2",
    "drop_detected_ratio": 0.2,
    "adaptive_variant": null
  },
  "runtime_sec": 72.21516251564026
}