{
  "dataset": "ACM",
  "model": "HAN",
  "attack": "uba",
  "seed": 5,
  "target_type": "paper",
  "num_classes": 3,
  "target_class": 0,
  "poison_rate": 0.2,
  "trigger_size": 10,
  "robustness_group": "inaccurate_detection_ratio",
  "robustness_value": "1.5",
  "drop_detected_ratio": 0.0,
  "adaptive_variant": null,
  "attack_metrics": {
    "clean_acc": 0.8913043737411499,
    "backdoored_clean_acc": 0.8260869383811951,
    "clean_acc_drop": 0.06521743535995483,
    "clean_trigger_asr": 0.1015625,
    "clean_trigger_clean_acc": 0.8392857313156128,
    "poisoned_asr": 0.9453125,
    "poisoned_asr_clean_acc": 0.8392857313156128,
    "natural_target_ratio": 0.0,
    "learned_backdoor_gap": 0.84375,
    "n_poison_nodes": 109
  },
  "defense": {
    "defense_clean_acc": 0.85326087474823,
    "defense_asr": 0.0,
    "defense_asr_clean_acc": 0.6607142686843872,
    "natural_target_ratio": 0.0,
    "detection_precision": 0.6687116564417178,
    "detection_recall": 1.0,
    "detection_f1": 0.801470588235294,
    "suspicious_nodes": 163,
    "hard_removed_train_nodes": 163,
    "asr_drop": 0.9453125,
    "utility_drop": 0.03804349899291992,
    "relative_asr_reduction": 1.0,
    "partial_detection_failure": null,
    "pretrain_info": {
      "best_epoch": 23,
      "best_val_acc": 0.9333333373069763
    },
    "train_info": {
      "best_epoch": 9,
      "best_val_acc": 0.9111111164093018,
      "last_loss": 0.01124047301709652,
      "last_clean_loss": 0.005432208999991417,
      "last_unlearn_loss": 0.005483297631144524,
      "last_suppress_loss": 0.0016248315805569291,
      "unlearn_samples": 212,
      "unlearn_lambda": 1.0,
      "target_suppression": 0.2,
      "mode": "weighted_unlearn",
      "hard_removed_train_nodes": 163,
      "use_trigger_unlearning": true
    }
  },
  "attacker_info": {
    "attack_name": "uba",
    "target_node_type": "paper",
    "target_class": 0,
    "poison_rate": 0.2,
    "trigger_size": 10,
    "poisoned_node_indices": [
      757,
      597,
      673,
      2680,
      178,
      131,
      396,
      310,
      586,
      681,
      2079,
      626,
      135,
      2279,
      2211,
      1228,
      544,
      119,
      2146,
      796,
      456,
      353,
      366,
      2575,
      2474,
      2103,
      79,
      2233,
      2451,
      1174,
      2782,
      2060,
      2868,
      579,
      1946,
      189,
      2999,
      2756,
      2531,
      2193,
      191,
      2535,
      2566,
      278,
      2485,
      2579,
      1960,
      718,
      776,
      1349,
      417,
      2204,
      2504,
      2323,
      1,
      696,
      2963,
      2039,
      321,
      735,
      1949,
      676,
      2962,
      313,
      627,
      701,
      163,
      789,
      242,
      617,
      161,
      2007,
      1433,
      2977,
      2483,
      2326,
      193,
      563,
      1352,
      2769,
      2179,
      2850,
      441,
      542,
      114,
      2998,
      2064,
      2018,
      2687,
      346,
      787,
      51,
      529,
      2212,
      768,
      1172,
      698,
      1426,
      1305,
      2016,
      200,
      1170,
      2920,
      1329,
      45,
      2333,
      2175,
      1502,
      785
    ],
    "trigger_node_indices": {
      "paper": [
        3025,
        3026,
        3027,
        3028,
        3029,
        3030,
        3031,
        3032,
        3033,
        3034
      ]
    },
    "trigger_edge_types": [
      "('paper', 'backdoor', 'paper')",
      "('paper', 'rev_backdoor', 'paper')",
      "('paper', 'trigger_link', 'paper')",
      "('paper', 'rev_trigger_link', 'paper')"
    ],
    "target_feature_boost": true,
    "target_feature_strength": 4.0,
    "metadata": {
      "node_types": [
        "paper",
        "author",
        "subject",
        "term"
      ],
      "edge_types": [
        "('paper', 'cite', 'paper')",
        "('paper', 'ref', 'paper')",
        "('paper', 'to', 'author')",
        "('author', 'to', 'paper')",
        "('paper', 'to', 'subject')",
        "('subject', 'to', 'paper')",
        "('paper', 'to', 'term')",
        "('term', 'to', 'paper')",
        "('paper', 'rev_cite', 'paper')",
        "('paper', 'rev_ref', 'paper')",
        "('author', 'rev_to', 'paper')",
        "('paper', 'rev_to', 'author')",
        "('subject', 'rev_to', 'paper')",
        "('paper', 'rev_to', 'subject')",
        "('term', 'rev_to', 'paper')",
        "('paper', 'rev_to', 'term')"
      ],
      "target_node_type": "paper",
      "num_classes": 3,
      "trigger_feature_dims": [
        17,
        22,
        129,
        35,
        206,
        15,
        26,
        21,
        1,
        10
      ],
      "target_feature_boost_dims": [
        17,
        22,
        129,
        35,
        206,
        15,
        26,
        21,
        1,
        10
      ],
      "poisoned_nodes": 109,
      "trigger_nodes": 10,
      "trigger_type": "uba_hybrid",
      "use_clique": true,
      "target_feature_boost": true,
      "max_trigger_size": 50
    }
  },
  "config": {
    "seed": 5,
    "data_dir": "./data",
    "output_dir": "./results_robustness_acm_han_5seeds",
    "save_results": true,
    "device": "cuda",
    "debug": false,
    "verbose": false,
    "dataset": "ACM",
    "model": "HAN",
    "attack": "uba",
    "hidden_dim": 128,
    "num_heads": 4,
    "num_layers": 2,
    "dropout": 0.5,
    "num_bases": 8,
    "epochs": 200,
    "clean_epochs": null,
    "poison_epochs": null,
    "clean_probe_epochs": null,
    "lr": 0.01,
    "weight_decay": 0.0005,
    "patience": 50,
    "poison_save_best": "last",
    "poison_rate": 0.2,
    "trigger_size": 10,
    "target_class": 0,
    "trigger_strength": 3.0,
    "surrogate_epochs": 30,
    "num_inject": 200,
    "relation_mode": "hybrid",
    "target_feature_strength": 4.0,
    "aux_feature_strength": 6.0,
    "no_aux_clique": false,
    "pretrain_epochs": 50,
    "pretrain_lr": 0.005,
    "defense_epochs": 100,
    "defense_lr": 0.005,
    "defense_weight_decay": 0.0001,
    "detection_ratio": 0.3,
    "use_label_signal": false,
    "min_weight": 0.0,
    "max_downweight": 1.0,
    "unlearn_lambda": 1.0,
    "unlearn_samples": 256,
    "target_suppression": 0.2,
    "include_target_in_unlearning": false,
    "robustness_group": "inaccurate_detection_ratio",
    "robustness_value": "1.5",
    "drop_detected_ratio": 0.0,
    "adaptive_variant": null
  },
  "runtime_sec": 79.47137951850891
}