{
  "dataset": "ACM",
  "model": "HAN",
  "attack": "relation",
  "seed": 3,
  "target_type": "paper",
  "num_classes": 3,
  "target_class": 0,
  "poison_rate": 0.2,
  "trigger_size": 4,
  "robustness_group": "adaptive_attack",
  "robustness_value": "sparse_relation",
  "drop_detected_ratio": 0.0,
  "adaptive_variant": "sparse_relation",
  "attack_metrics": {
    "clean_acc": 0.885869562625885,
    "backdoored_clean_acc": 0.77173912525177,
    "clean_acc_drop": 0.11413043737411499,
    "clean_trigger_asr": 0.0859375,
    "clean_trigger_clean_acc": 0.7857142686843872,
    "poisoned_asr": 0.578125,
    "poisoned_asr_clean_acc": 0.9642857313156128,
    "natural_target_ratio": 0.0,
    "learned_backdoor_gap": 0.4921875,
    "n_poison_nodes": 109
  },
  "defense": {
    "defense_clean_acc": 0.8695651888847351,
    "defense_asr": 0.046875,
    "defense_asr_clean_acc": 0.8392857313156128,
    "natural_target_ratio": 0.0,
    "detection_precision": 1.0,
    "detection_recall": 1.0,
    "detection_f1": 1.0,
    "suspicious_nodes": 109,
    "hard_removed_train_nodes": 109,
    "asr_drop": 0.53125,
    "utility_drop": 0.016304373741149902,
    "relative_asr_reduction": 0.918918918918919,
    "partial_detection_failure": null,
    "pretrain_info": {
      "best_epoch": 5,
      "best_val_acc": 0.9166666865348816
    },
    "train_info": {
      "best_epoch": 78,
      "best_val_acc": 0.9166666865348816,
      "last_loss": 0.011264976114034653,
      "last_clean_loss": 0.004534627310931683,
      "last_unlearn_loss": 0.006184588652104139,
      "last_suppress_loss": 0.0027288049459457397,
      "unlearn_samples": 256,
      "unlearn_lambda": 1.0,
      "target_suppression": 0.2,
      "mode": "weighted_unlearn",
      "hard_removed_train_nodes": 109,
      "use_trigger_unlearning": true
    }
  },
  "attacker_info": {
    "attack_name": "relation",
    "target_node_type": "paper",
    "target_class": 0,
    "poison_rate": 0.2,
    "trigger_size": 4,
    "poisoned_node_indices": [
      2903,
      586,
      2313,
      2809,
      80,
      1423,
      1321,
      542,
      499,
      2692,
      3001,
      1424,
      2039,
      796,
      2575,
      2119,
      224,
      214,
      178,
      689,
      683,
      2769,
      2810,
      768,
      1174,
      2505,
      2569,
      2733,
      2894,
      712,
      2653,
      2064,
      2153,
      77,
      2272,
      139,
      246,
      554,
      62,
      588,
      2664,
      1951,
      265,
      776,
      1349,
      2133,
      200,
      2103,
      2598,
      1181,
      36,
      764,
      152,
      2230,
      2464,
      2901,
      2565,
      2677,
      333,
      1502,
      2737,
      2710,
      168,
      446,
      718,
      684,
      2839,
      2604,
      2204,
      627,
      428,
      2667,
      445,
      2680,
      2478,
      614,
      433,
      701,
      755,
      165,
      1170,
      2469,
      1974,
      313,
      93,
      2891,
      39,
      79,
      2146,
      654,
      785,
      2579,
      521,
      467,
      242,
      2211,
      2880,
      1989,
      1982,
      2568,
      304,
      137,
      2654,
      2333,
      2496,
      2084,
      2689,
      2287,
      2058
    ],
    "trigger_node_indices": {
      "term": [
        1902,
        1903,
        1904,
        1905
      ]
    },
    "trigger_edge_types": [
      "('term', 'to', 'paper')",
      "('paper', 'rev_to', 'term')"
    ],
    "target_feature_boost": true,
    "target_feature_strength": 2.0,
    "metadata": {
      "node_types": [
        "paper",
        "author",
        "subject",
        "term"
      ],
      "edge_types": [
        "('paper', 'cite', 'paper')",
        "('paper', 'ref', 'paper')",
        "('paper', 'to', 'author')",
        "('author', 'to', 'paper')",
        "('paper', 'to', 'subject')",
        "('subject', 'to', 'paper')",
        "('paper', 'to', 'term')",
        "('term', 'to', 'paper')",
        "('paper', 'rev_cite', 'paper')",
        "('paper', 'rev_ref', 'paper')",
        "('author', 'rev_to', 'paper')",
        "('paper', 'rev_to', 'author')",
        "('subject', 'rev_to', 'paper')",
        "('paper', 'rev_to', 'subject')",
        "('term', 'rev_to', 'paper')",
        "('paper', 'rev_to', 'term')"
      ],
      "target_node_type": "paper",
      "num_classes": 3,
      "trigger_feature_dims": [
        0,
        1,
        2,
        82
      ],
      "target_feature_boost_dims": [
        17,
        22,
        129,
        35
      ],
      "poisoned_nodes": 109,
      "trigger_nodes": 4,
      "trigger_type": "relation_hybrid",
      "relation_edge_type": "('term', 'to', 'paper')",
      "aux_node_type": "term",
      "use_aux_clique": false,
      "target_feature_boost": true
    }
  },
  "config": {
    "seed": 3,
    "data_dir": "./data",
    "output_dir": "./results_robustness_acm_han_5seeds",
    "save_results": true,
    "device": "cuda",
    "debug": false,
    "verbose": false,
    "dataset": "ACM",
    "model": "HAN",
    "attack": "relation",
    "hidden_dim": 128,
    "num_heads": 4,
    "num_layers": 2,
    "dropout": 0.5,
    "num_bases": 8,
    "epochs": 200,
    "clean_epochs": null,
    "poison_epochs": null,
    "clean_probe_epochs": null,
    "lr": 0.01,
    "weight_decay": 0.0005,
    "patience": 50,
    "poison_save_best": "last",
    "poison_rate": 0.2,
    "trigger_size": 4,
    "target_class": 0,
    "trigger_strength": 3.0,
    "surrogate_epochs": 30,
    "num_inject": 200,
    "relation_mode": "hybrid",
    "target_feature_strength": 2.0,
    "aux_feature_strength": 2.0,
    "no_aux_clique": true,
    "pretrain_epochs": 50,
    "pretrain_lr": 0.005,
    "defense_epochs": 100,
    "defense_lr": 0.005,
    "defense_weight_decay": 0.0001,
    "detection_ratio": 0.2,
    "use_label_signal": false,
    "min_weight": 0.0,
    "max_downweight": 1.0,
    "unlearn_lambda": 1.0,
    "unlearn_samples": 256,
    "target_suppression": 0.2,
    "include_target_in_unlearning": false,
    "robustness_group": "adaptive_attack",
    "robustness_value": "sparse_relation",
    "drop_detected_ratio": 0.0,
    "adaptive_variant": "sparse_relation"
  },
  "runtime_sec": 70.85610175132751
}