{
  "dataset": "IMDB",
  "model": "HAN",
  "attack": "relation",
  "seed": 3,
  "target_type": "movie",
  "num_classes": 5,
  "target_class": 0,
  "poison_rate": 0.2,
  "trigger_size": 10,
  "attack_metrics": {
    "clean_acc": 0.4064748287200928,
    "backdoored_clean_acc": 0.39208632707595825,
    "clean_acc_drop": 0.014388501644134521,
    "clean_trigger_asr": 0.15000000596046448,
    "clean_trigger_clean_acc": 0.41025641560554504,
    "poisoned_asr": 0.9950000047683716,
    "poisoned_asr_clean_acc": 0.4743589758872986,
    "natural_target_ratio": 0.0,
    "learned_backdoor_gap": 0.8449999988079071,
    "n_poison_nodes": 164,
    "n_trigger_nodes": 10
  },
  "defenses": {
    "none": {
      "defense_clean_acc": 0.39208632707595825,
      "defense_asr": 0.9950000047683716,
      "defense_asr_clean_acc": 0.4743589758872986,
      "natural_target_ratio": 0.0,
      "defense_name": "NoDefense",
      "detection_precision": null,
      "detection_recall": null,
      "detection_f1": null,
      "asr_drop": 0.0,
      "utility_drop": 0.014388501644134521
    },
    "hr": {
      "defense_clean_acc": 0.4100719392299652,
      "defense_asr": 0.36500000953674316,
      "defense_asr_clean_acc": 0.5897436141967773,
      "natural_target_ratio": 0.0,
      "defense_name": "HeteroGuard-HR",
      "train_info": {
        "best_epoch": 13,
        "best_val_acc": 0.5036764740943909,
        "last_loss": 0.008477538824081421,
        "mode": "weighted",
        "hard_removed_train_nodes": 164,
        "use_trigger_unlearning": false
      },
      "detection_precision": 1.0,
      "detection_recall": 1.0,
      "detection_f1": 1.0,
      "suspicious_nodes": 164,
      "hard_removed_train_nodes": 164,
      "asr_drop": 0.6299999952316284,
      "utility_drop": -0.0035971105098724365
    },
    "unlearn": {
      "defense_clean_acc": 0.4064748287200928,
      "defense_asr": 0.11999999731779099,
      "defense_asr_clean_acc": 0.4871794879436493,
      "natural_target_ratio": 0.0,
      "defense_name": "HeteroGuard-Unlearn",
      "train_info": {
        "best_epoch": 19,
        "best_val_acc": 0.4779411852359772,
        "last_loss": 0.007198147941380739,
        "last_clean_loss": 0.005434241145849228,
        "last_unlearn_loss": 0.0017569311894476414,
        "last_suppress_loss": 3.48780959029682e-05,
        "unlearn_samples": 256,
        "unlearn_lambda": 1.0,
        "target_suppression": 0.2,
        "mode": "weighted_unlearn",
        "hard_removed_train_nodes": 164,
        "use_trigger_unlearning": true
      },
      "detection_precision": 1.0,
      "detection_recall": 1.0,
      "detection_f1": 1.0,
      "suspicious_nodes": 164,
      "hard_removed_train_nodes": 164,
      "use_trigger_unlearning": true,
      "unlearn_lambda": 1.0,
      "unlearn_samples": 256,
      "target_suppression": 0.2,
      "asr_drop": 0.8750000074505806,
      "utility_drop": 0.0
    }
  },
  "attacker_info": {
    "attack_name": "relation",
    "target_node_type": "movie",
    "target_class": 0,
    "poison_rate": 0.2,
    "trigger_size": 10,
    "poisoned_node_indices": [
      2491,
      4160,
      78,
      4767,
      868,
      1939,
      701,
      993,
      1730,
      4040,
      3129,
      893,
      688,
      4858,
      774,
      3373,
      309,
      4862,
      4157,
      1980,
      2826,
      4012,
      1644,
      2867,
      1257,
      4772,
      1042,
      807,
      4814,
      645,
      3721,
      1210,
      4307,
      1358,
      2300,
      1456,
      4382,
      3255,
      841,
      2233,
      3395,
      3345,
      4242,
      3465,
      2631,
      1875,
      4042,
      3269,
      1648,
      2413,
      2571,
      3659,
      1634,
      1416,
      1027,
      2560,
      1421,
      1235,
      87,
      4069,
      1447,
      4144,
      2840,
      2551,
      1429,
      3657,
      3195,
      3504,
      2868,
      2163,
      3778,
      1689,
      1270,
      3946,
      3400,
      2167,
      3763,
      1022,
      2425,
      2985,
      580,
      680,
      3206,
      1788,
      3110,
      3316,
      4287,
      135,
      3260,
      251,
      2752,
      1360,
      1253,
      3841,
      4566,
      3438,
      390,
      484,
      3707,
      2304,
      109,
      59,
      4720,
      228,
      2141,
      637,
      4765,
      3200,
      3595,
      1469,
      1243,
      2856,
      3543,
      516,
      2126,
      4019,
      3449,
      2839,
      4030,
      351,
      1391,
      1965,
      2302,
      776,
      3687,
      4174,
      2083,
      4406,
      2080,
      4080,
      2446,
      3633,
      12,
      3310,
      1533,
      859,
      867,
      3230,
      4652,
      342,
      3785,
      4128,
      2029,
      2659,
      55,
      1269,
      3573,
      1660,
      3185,
      3445,
      102,
      966,
      2914,
      149,
      2334,
      947,
      779,
      3821,
      4864,
      507,
      4072,
      1444,
      4661,
      3986
    ],
    "trigger_node_indices": {
      "keyword": [
        7971,
        7972,
        7973,
        7974,
        7975,
        7976,
        7977,
        7978,
        7979,
        7980
      ]
    },
    "trigger_edge_types": [
      "('keyword', 'to', 'movie')",
      "('movie', 'rev_to', 'keyword')",
      "('keyword', 'trigger_link', 'keyword')",
      "('keyword', 'rev_trigger_link', 'keyword')"
    ],
    "target_feature_boost": true,
    "target_feature_strength": 4.0,
    "metadata": {
      "node_types": [
        "movie",
        "director",
        "actor",
        "keyword"
      ],
      "edge_types": [
        "('movie', 'to', 'director')",
        "('director', 'to', 'movie')",
        "('movie', '>actorh', 'actor')",
        "('actor', 'to', 'movie')",
        "('movie', 'to', 'keyword')",
        "('keyword', 'to', 'movie')",
        "('director', 'rev_to', 'movie')",
        "('movie', 'rev_to', 'director')",
        "('actor', 'rev_>actorh', 'movie')",
        "('movie', 'rev_to', 'actor')",
        "('keyword', 'rev_to', 'movie')",
        "('movie', 'rev_to', 'keyword')"
      ],
      "target_node_type": "movie",
      "num_classes": 5,
      "trigger_feature_dims": [
        2,
        0,
        1,
        49,
        118,
        25,
        104,
        13,
        29,
        60
      ],
      "target_feature_boost_dims": [
        0,
        1,
        2,
        3,
        4,
        5,
        7,
        8,
        9,
        10
      ],
      "poisoned_nodes": 164,
      "trigger_nodes": 10,
      "trigger_type": "relation_hybrid",
      "relation_edge_type": "('keyword', 'to', 'movie')",
      "aux_node_type": "keyword",
      "use_aux_clique": true,
      "target_feature_boost": true
    }
  },
  "config": {
    "seed": 3,
    "data_dir": "./data",
    "output_dir": "./results_han_cross_dataset_5seeds",
    "save_results": true,
    "device": "cuda",
    "debug": false,
    "verbose": false,
    "dataset": "IMDB",
    "model": "HAN",
    "attack": "relation",
    "hidden_dim": 128,
    "num_heads": 4,
    "num_layers": 2,
    "dropout": 0.5,
    "num_bases": 8,
    "epochs": 200,
    "clean_epochs": null,
    "poison_epochs": null,
    "clean_probe_epochs": null,
    "lr": 0.01,
    "weight_decay": 0.0005,
    "patience": 50,
    "poison_save_best": "last",
    "poison_rate": 0.2,
    "trigger_size": 10,
    "target_class": 0,
    "trigger_strength": 3.0,
    "surrogate_epochs": 30,
    "num_inject": 200,
    "relation_mode": "hybrid",
    "target_feature_strength": 4.0,
    "aux_feature_strength": 6.0,
    "no_aux_clique": false,
    "defenses": "none,hr,unlearn",
    "pretrain_epochs": 50,
    "pretrain_lr": 0.005,
    "defense_epochs": 100,
    "defense_lr": 0.005,
    "defense_weight_decay": 0.0001,
    "detection_ratio": 0.2,
    "use_label_signal": false,
    "min_weight": 0.0,
    "max_downweight": 1.0,
    "unlearn_lambda": 1.0,
    "unlearn_samples": 256,