{
  "dataset": "IMDB",
  "model": "HAN",
  "attack": "feature",
  "seed": 3,
  "target_type": "movie",
  "num_classes": 5,
  "target_class": 0,
  "poison_rate": 0.1,
  "trigger_size": 10,
  "attack_metrics": {
    "clean_acc": 0.4064748287200928,
    "backdoored_clean_acc": 0.4424460530281067,
    "clean_acc_drop": -0.035971224308013916,
    "clean_trigger_asr": 0.23499999940395355,
    "clean_trigger_clean_acc": 0.4615384638309479,
    "poisoned_asr": 0.9350000023841858,
    "poisoned_asr_clean_acc": 0.4743589758872986,
    "natural_target_ratio": 0.0,
    "learned_backdoor_gap": 0.7000000029802322,
    "n_poison_nodes": 82,
    "n_trigger_nodes": 0
  },
  "defenses": {
    "none": {
      "defense_clean_acc": 0.4424460530281067,
      "defense_asr": 0.9350000023841858,
      "defense_asr_clean_acc": 0.4743589758872986,
      "natural_target_ratio": 0.0,
      "defense_name": "NoDefense",
      "detection_precision": null,
      "detection_recall": null,
      "detection_f1": null,
      "asr_drop": 0.0,
      "utility_drop": -0.035971224308013916
    },
    "hr": {
      "defense_clean_acc": 0.42446044087409973,
      "defense_asr": 0.4650000035762787,
      "defense_asr_clean_acc": 0.6153846383094788,
      "natural_target_ratio": 0.0,
      "defense_name": "HeteroGuard-HR",
      "train_info": {
        "best_epoch": 13,
        "best_val_acc": 0.4779411852359772,
        "last_loss": 0.04457474127411842,
        "mode": "weighted",
        "hard_removed_train_nodes": 82,
        "use_trigger_unlearning": false
      },
      "detection_precision": 1.0,
      "detection_recall": 1.0,
      "detection_f1": 1.0,
      "suspicious_nodes": 82,
      "hard_removed_train_nodes": 82,
      "asr_drop": 0.4699999988079071,
      "utility_drop": -0.017985612154006958
    },
    "unlearn": {
      "defense_clean_acc": 0.43525180220603943,
      "defense_asr": 0.0,
      "defense_asr_clean_acc": 0.3461538553237915,
      "natural_target_ratio": 0.0,
      "defense_name": "HeteroGuard-Unlearn",
      "train_info": {
        "best_epoch": 19,
        "best_val_acc": 0.5220588445663452,
        "last_loss": 0.003941018134355545,
        "last_clean_loss": 0.003388018347322941,
        "last_unlearn_loss": 0.0005501660634763539,
        "last_suppress_loss": 1.4168791494739708e-05,
        "unlearn_samples": 256,
        "unlearn_lambda": 1.0,
        "target_suppression": 0.2,
        "mode": "weighted_unlearn",
        "hard_removed_train_nodes": 82,
        "use_trigger_unlearning": true
      },
      "detection_precision": 1.0,
      "detection_recall": 1.0,
      "detection_f1": 1.0,
      "suspicious_nodes": 82,
      "hard_removed_train_nodes": 82,
      "use_trigger_unlearning": true,
      "unlearn_lambda": 1.0,
      "unlearn_samples": 256,
      "target_suppression": 0.2,
      "asr_drop": 0.9350000023841858,
      "utility_drop": -0.028776973485946655
    }
  },
  "attacker_info": {
    "attack_name": "feature",
    "target_node_type": "movie",
    "target_class": 0,
    "poison_rate": 0.1,
    "trigger_size": 10,
    "poisoned_node_indices": [
      2491,
      4160,
      78,
      4767,
      868,
      1939,
      701,
      993,
      1730,
      4040,
      3129,
      893,
      688,
      4858,
      774,
      3373,
      309,
      4862,
      4157,
      1980,
      2826,
      4012,
      1644,
      2867,
      1257,
      4772,
      1042,
      807,
      4814,
      645,
      3721,
      1210,
      4307,
      1358,
      2300,
      1456,
      4382,
      3255,
      841,
      2233,
      3395,
      3345,
      4242,
      3465,
      2631,
      1875,
      4042,
      3269,
      1648,
      2413,
      2571,
      3659,
      1634,
      1416,
      1027,
      2560,
      1421,
      1235,
      87,
      4069,
      1447,
      4144,
      2840,
      2551,
      1429,
      3657,
      3195,
      3504,
      2868,
      2163,
      3778,
      1689,
      1270,
      3946,
      3400,
      2167,
      3763,
      1022,
      2425,
      2985,
      580,
      680
    ],
    "trigger_node_indices": {
      "movie": []
    },
    "trigger_edge_types": [],
    "target_feature_boost": false,
    "target_feature_strength": 4.0,
    "metadata": {
      "node_types": [
        "movie",
        "director",
        "actor",
        "keyword"
      ],
      "edge_types": [
        "('movie', 'to', 'director')",
        "('director', 'to', 'movie')",
        "('movie', '>actorh', 'actor')",
        "('actor', 'to', 'movie')",
        "('movie', 'to', 'keyword')",
        "('keyword', 'to', 'movie')",
        "('director', 'rev_to', 'movie')",
        "('movie', 'rev_to', 'director')",
        "('actor', 'rev_>actorh', 'movie')",
        "('movie', 'rev_to', 'actor')",
        "('keyword', 'rev_to', 'movie')",
        "('movie', 'rev_to', 'keyword')"
      ],
      "target_node_type": "movie",
      "num_classes": 5,
      "trigger_dims": [
        0,
        1,
        2,
        3,
        4,
        5,
        7,
        8,
        9,
        10
      ],
      "trigger_strength": 3.0,
      "poisoned_nodes": 82,
      "trigger_type": "feature_vector"
    }
  },
  "config": {
    "seed": 3,
    "data_dir": "./data",
    "output_dir": "./results_han_cross_dataset_5seeds",
    "save_results": true,
    "device": "cuda",
    "debug": false,
    "verbose": false,
    "dataset": "IMDB",
    "model": "HAN",
    "attack": "feature",
    "hidden_dim": 128,
    "num_heads": 4,
    "num_layers": 2,
    "dropout": 0.5,
    "num_bases": 8,
    "epochs": 200,
    "clean_epochs": null,
    "poison_epochs": null,
    "clean_probe_epochs": null,
    "lr": 0.01,
    "weight_decay": 0.0005,
    "patience": 50,
    "poison_save_best": "last",
    "poison_rate": 0.1,
    "trigger_size": 10,
    "target_class": 0,
    "trigger_strength": 3.0,
    "surrogate_epochs": 30,
    "num_inject": 200,
    "relation_mode": "hybrid",
    "target_feature_strength": 4.0,
    "aux_feature_strength": 6.0,
    "no_aux_clique": false,
    "defenses": "none,hr,unlearn",
    "pretrain_epochs": 50,
    "pretrain_lr": 0.005,
    "defense_epochs": 100,
    "defense_lr": 0.005,
    "defense_weight_decay": 0.0001,
    "detection_ratio": 0.1,
    "use_label_signal": false,
    "min_weight": 0.0,
    "max_downweight": 1.0,
    "unlearn_lambda": 1.0,
    "unlearn_samples": 256,
    "target_suppression": 0.2,
    "include_target_in_unlearning": false
  },
  "runtime_sec": 54.935349464416504
}