{
  "dataset": "DBLP",
  "model": "HAN",
  "attack": "feature",
  "seed": 5,
  "target_type": "author",
  "num_classes": 4,
  "target_class": 0,
  "poison_rate": 0.1,
  "trigger_size": 10,
  "attack_metrics": {
    "clean_acc": 0.8266128897666931,
    "backdoored_clean_acc": 0.7419354915618896,
    "clean_acc_drop": 0.08467739820480347,
    "clean_trigger_asr": 0.3583815097808838,
    "clean_trigger_clean_acc": 0.9200000166893005,
    "poisoned_asr": 0.8786126971244812,
    "poisoned_asr_clean_acc": 0.8533333539962769,
    "natural_target_ratio": 0.0,
    "learned_backdoor_gap": 0.5202311873435974,
    "n_poison_nodes": 73,
    "n_trigger_nodes": 0
  },
  "defenses": {
    "none": {
      "defense_clean_acc": 0.7419354915618896,
      "defense_asr": 0.8786126971244812,
      "defense_asr_clean_acc": 0.8533333539962769,
      "natural_target_ratio": 0.0,
      "defense_name": "NoDefense",
      "detection_precision": null,
      "detection_recall": null,
      "detection_f1": null,
      "asr_drop": 0.0,
      "utility_drop": 0.08467739820480347
    },
    "hr": {
      "defense_clean_acc": 0.8346773982048035,
      "defense_asr": 0.040462426841259,
      "defense_asr_clean_acc": 0.8533333539962769,
      "natural_target_ratio": 0.0,
      "defense_name": "HeteroGuard-HR",
      "train_info": {
        "best_epoch": 12,
        "best_val_acc": 0.8298755884170532,
        "last_loss": 0.014405435882508755,
        "mode": "weighted",
        "hard_removed_train_nodes": 73,
        "use_trigger_unlearning": false
      },
      "detection_precision": 1.0,
      "detection_recall": 1.0,
      "detection_f1": 1.0,
      "suspicious_nodes": 73,
      "hard_removed_train_nodes": 73,
      "asr_drop": 0.8381502702832222,
      "utility_drop": -0.008064508438110352
    },
    "unlearn": {
      "defense_clean_acc": 0.8266128897666931,
      "defense_asr": 0.0,
      "defense_asr_clean_acc": 0.8399999737739563,
      "natural_target_ratio": 0.0,
      "defense_name": "HeteroGuard-Unlearn",
      "train_info": {
        "best_epoch": 12,
        "best_val_acc": 0.8091287016868591,
        "last_loss": 0.04054894670844078,
        "last_clean_loss": 0.03620939329266548,
        "last_unlearn_loss": 0.00426903273910284,
        "last_suppress_loss": 0.0003525973006617278,
        "unlearn_samples": 256,
        "unlearn_lambda": 1.0,
        "target_suppression": 0.2,
        "mode": "weighted_unlearn",
        "hard_removed_train_nodes": 73,
        "use_trigger_unlearning": true
      },
      "detection_precision": 1.0,
      "detection_recall": 1.0,
      "detection_f1": 1.0,
      "suspicious_nodes": 73,
      "hard_removed_train_nodes": 73,
      "use_trigger_unlearning": true,
      "unlearn_lambda": 1.0,
      "unlearn_samples": 256,
      "target_suppression": 0.2,
      "asr_drop": 0.8786126971244812,
      "utility_drop": 0.0
    }
  },
  "attacker_info": {
    "attack_name": "feature",
    "target_node_type": "author",
    "target_class": 0,
    "poison_rate": 0.1,
    "trigger_size": 10,
    "poisoned_node_indices": [
      3067,
      1093,
      1301,
      950,
      518,
      427,
      449,
      1039,
      711,
      86,
      1860,
      2107,
      2550,
      589,
      3174,
      714,
      438,
      2701,
      1687,
      3045,
      247,
      1007,
      1528,
      1704,
      2517,
      905,
      3765,
      3750,
      1086,
      3621,
      2434,
      2911,
      1564,
      2259,
      2182,
      776,
      3747,
      653,
      1026,
      656,
      255,
      3279,
      2405,
      3720,
      372,
      2627,
      314,
      2773,
      3878,
      397,
      1660,
      1979,
      1349,
      1780,
      681,
      1188,
      3099,
      847,
      1742,
      891,
      2034,
      323,
      76,
      2537,
      627,
      3439,
      971,
      896,
      2209,
      3312,
      3802,
      2863,
      3
    ],
    "trigger_node_indices": {
      "author": []
    },
    "trigger_edge_types": [],
    "target_feature_boost": false,
    "target_feature_strength": 4.0,
    "metadata": {
      "node_types": [
        "author",
        "paper",
        "term",
        "venue"
      ],
      "edge_types": [
        "('author', 'to', 'paper')",
        "('paper', 'to', 'term')",
        "('paper', 'to', 'venue')",
        "('paper', 'to', 'author')",
        "('term', 'to', 'paper')",
        "('venue', 'to', 'paper')",
        "('paper', 'rev_to', 'author')",
        "('term', 'rev_to', 'paper')",
        "('venue', 'rev_to', 'paper')",
        "('author', 'rev_to', 'paper')",
        "('paper', 'rev_to', 'term')",
        "('paper', 'rev_to', 'venue')"
      ],
      "target_node_type": "author",
      "num_classes": 4,
      "trigger_dims": [
        63,
        23,
        321,
        295,
        135,
        222,
        152,
        242,
        64,
        170
      ],
      "trigger_strength": 3.0,
      "poisoned_nodes": 73,
      "trigger_type": "feature_vector"
    }
  },
  "config": {
    "seed": 5,
    "data_dir": "./data",
    "output_dir": "./results_han_cross_dataset_5seeds",
    "save_results": true,
    "device": "cuda",
    "debug": false,
    "verbose": false,
    "dataset": "DBLP",
    "model": "HAN",
    "attack": "feature",
    "hidden_dim": 128,
    "num_heads": 4,
    "num_layers": 2,
    "dropout": 0.5,
    "num_bases": 8,
    "epochs": 200,
    "clean_epochs": null,
    "poison_epochs": null,
    "clean_probe_epochs": null,
    "lr": 0.01,
    "weight_decay": 0.0005,
    "patience": 50,
    "poison_save_best": "last",
    "poison_rate": 0.1,
    "trigger_size": 10,
    "target_class": 0,
    "trigger_strength": 3.0,
    "surrogate_epochs": 30,
    "num_inject": 200,
    "relation_mode": "hybrid",
    "target_feature_strength": 4.0,
    "aux_feature_strength": 6.0,
    "no_aux_clique": false,
    "defenses": "none,hr,unlearn",
    "pretrain_epochs": 50,
    "pretrain_lr": 0.005,
    "defense_epochs": 100,
    "defense_lr": 0.005,
    "defense_weight_decay": 0.0001,
    "detection_ratio": 0.1,
    "use_label_signal": false,
    "min_weight": 0.0,
    "max_downweight": 1.0,
    "unlearn_lambda": 1.0,
    "unlearn_samples": 256,
    "target_suppression": 0.2,
    "include_target_in_unlearning": false
  },
  "runtime_sec": 46.75899386405945
}