{
  "dataset": "IMDB",
  "model": "HAN",
  "attack": "feature",
  "seed": 1,
  "target_type": "movie",
  "num_classes": 5,
  "target_class": 0,
  "poison_rate": 0.1,
  "trigger_size": 10,
  "attack_metrics": {
    "clean_acc": 0.3992805778980255,
    "backdoored_clean_acc": 0.4100719392299652,
    "clean_acc_drop": -0.010791361331939697,
    "clean_trigger_asr": 0.17499999701976776,
    "clean_trigger_clean_acc": 0.6025640964508057,
    "poisoned_asr": 0.9399999976158142,
    "poisoned_asr_clean_acc": 0.4871794879436493,
    "natural_target_ratio": 0.0,
    "learned_backdoor_gap": 0.7650000005960464,
    "n_poison_nodes": 82,
    "n_trigger_nodes": 0
  },
  "defenses": {
    "none": {
      "defense_clean_acc": 0.4100719392299652,
      "defense_asr": 0.9399999976158142,
      "defense_asr_clean_acc": 0.4871794879436493,
      "natural_target_ratio": 0.0,
      "defense_name": "NoDefense",
      "detection_precision": null,
      "detection_recall": null,
      "detection_f1": null,
      "asr_drop": 0.0,
      "utility_drop": -0.010791361331939697
    },
    "hr": {
      "defense_clean_acc": 0.41366907954216003,
      "defense_asr": 0.2150000035762787,
      "defense_asr_clean_acc": 0.4871794879436493,
      "natural_target_ratio": 0.0,
      "defense_name": "HeteroGuard-HR",
      "train_info": {
        "best_epoch": 16,
        "best_val_acc": 0.5441176295280457,
        "last_loss": 0.006518806796520948,
        "mode": "weighted",
        "hard_removed_train_nodes": 82,
        "use_trigger_unlearning": false
      },
      "detection_precision": 1.0,
      "detection_recall": 1.0,
      "detection_f1": 1.0,
      "suspicious_nodes": 82,
      "hard_removed_train_nodes": 82,
      "asr_drop": 0.7249999940395355,
      "utility_drop": -0.014388501644134521
    },
    "unlearn": {
      "defense_clean_acc": 0.44964027404785156,
      "defense_asr": 0.05000000074505806,
      "defense_asr_clean_acc": 0.41025641560554504,
      "natural_target_ratio": 0.0,
      "defense_name": "HeteroGuard-Unlearn",
      "train_info": {
        "best_epoch": 18,
        "best_val_acc": 0.5110294222831726,
        "last_loss": 0.01057443954050541,
        "last_clean_loss": 0.00848230067640543,
        "last_unlearn_loss": 0.0020445415284484625,
        "last_suppress_loss": 0.00023798621259629726,
        "unlearn_samples": 256,
        "unlearn_lambda": 1.0,
        "target_suppression": 0.2,
        "mode": "weighted_unlearn",
        "hard_removed_train_nodes": 82,
        "use_trigger_unlearning": true
      },
      "detection_precision": 1.0,
      "detection_recall": 1.0,
      "detection_f1": 1.0,
      "suspicious_nodes": 82,
      "hard_removed_train_nodes": 82,
      "use_trigger_unlearning": true,
      "unlearn_lambda": 1.0,
      "unlearn_samples": 256,
      "target_suppression": 0.2,
      "asr_drop": 0.8899999968707561,
      "utility_drop": -0.05035969614982605
    }
  },
  "attacker_info": {
    "attack_name": "feature",
    "target_node_type": "movie",
    "target_class": 0,
    "poison_rate": 0.1,
    "trigger_size": 10,
    "poisoned_node_indices": [
      2398,
      1767,
      3040,
      4756,
      3432,
      2427,
      4158,
      2818,
      1901,
      4224,
      4642,
      102,
      3657,
      2172,
      2881,
      3821,
      2587,
      2233,
      3310,
      4069,
      2624,
      1110,
      1391,
      4590,
      4518,
      2659,
      2425,
      4661,
      3011,
      2045,
      3355,
      3956,
      3544,
      3937,
      1360,
      2560,
      1387,
      2173,
      622,
      2919,
      3029,
      3665,
      3225,
      811,
      1170,
      3755,
      4190,
      3633,
      4032,
      4174,
      390,
      4858,
      4379,
      1791,
      2826,
      1701,
      1257,
      4862,
      1358,
      3504,
      2970,
      4767,
      4233,
      4157,
      1235,
      1253,
      431,
      1803,
      1329,
      2387,
      1802,
      2393,
      1018,
      859,
      1066,
      4469,
      4242,
      2507,
      4019,
      2011,
      3509,
      2149
    ],
    "trigger_node_indices": {
      "movie": []
    },
    "trigger_edge_types": [],
    "target_feature_boost": false,
    "target_feature_strength": 4.0,
    "metadata": {
      "node_types": [
        "movie",
        "director",
        "actor",
        "keyword"
      ],
      "edge_types": [
        "('movie', 'to', 'director')",
        "('director', 'to', 'movie')",
        "('movie', '>actorh', 'actor')",
        "('actor', 'to', 'movie')",
        "('movie', 'to', 'keyword')",
        "('keyword', 'to', 'movie')",
        "('director', 'rev_to', 'movie')",
        "('movie', 'rev_to', 'director')",
        "('actor', 'rev_>actorh', 'movie')",
        "('movie', 'rev_to', 'actor')",
        "('keyword', 'rev_to', 'movie')",
        "('movie', 'rev_to', 'keyword')"
      ],
      "target_node_type": "movie",
      "num_classes": 5,
      "trigger_dims": [
        0,
        1,
        2,
        3,
        4,
        5,
        7,
        8,
        9,
        10
      ],
      "trigger_strength": 3.0,
      "poisoned_nodes": 82,
      "trigger_type": "feature_vector"
    }
  },
  "config": {
    "seed": 1,
    "data_dir": "./data",
    "output_dir": "./results_han_cross_dataset_5seeds",
    "save_results": true,
    "device": "cuda",
    "debug": false,
    "verbose": false,
    "dataset": "IMDB",
    "model": "HAN",
    "attack": "feature",
    "hidden_dim": 128,
    "num_heads": 4,
    "num_layers": 2,
    "dropout": 0.5,
    "num_bases": 8,
    "epochs": 200,
    "clean_epochs": null,
    "poison_epochs": null,
    "clean_probe_epochs": null,
    "lr": 0.01,
    "weight_decay": 0.0005,
    "patience": 50,
    "poison_save_best": "last",
    "poison_rate": 0.1,
    "trigger_size": 10,
    "target_class": 0,
    "trigger_strength": 3.0,
    "surrogate_epochs": 30,
    "num_inject": 200,
    "relation_mode": "hybrid",
    "target_feature_strength": 4.0,
    "aux_feature_strength": 6.0,
    "no_aux_clique": false,
    "defenses": "none,hr,unlearn",
    "pretrain_epochs": 50,
    "pretrain_lr": 0.005,
    "defense_epochs": 100,
    "defense_lr": 0.005,
    "defense_weight_decay": 0.0001,
    "detection_ratio": 0.1,
    "use_label_signal": false,
    "min_weight": 0.0,
    "max_downweight": 1.0,
    "unlearn_lambda": 1.0,
    "unlearn_samples": 256,
    "target_suppression": 0.2,
    "include_target_in_unlearning": false
  },
  "runtime_sec": 53.855093002319336
}