{
  "dataset": "IMDB",
  "model": "HAN",
  "attack": "cba",
  "seed": 4,
  "target_type": "movie",
  "num_classes": 5,
  "target_class": 0,
  "poison_rate": 0.075,
  "trigger_size": 12,
  "attack_metrics": {
    "clean_acc": 0.4316546618938446,
    "backdoored_clean_acc": 0.3741007149219513,
    "clean_acc_drop": 0.05755394697189331,
    "clean_trigger_asr": 0.3449999988079071,
    "clean_trigger_clean_acc": 0.38461539149284363,
    "poisoned_asr": 0.6449999809265137,
    "poisoned_asr_clean_acc": 0.38461539149284363,
    "natural_target_ratio": 0.0,
    "learned_backdoor_gap": 0.29999998211860657,
    "n_poison_nodes": 62,
    "n_trigger_nodes": 12
  },
  "defenses": {
    "none": {
      "defense_clean_acc": 0.3741007149219513,
      "defense_asr": 0.6449999809265137,
      "defense_asr_clean_acc": 0.38461539149284363,
      "natural_target_ratio": 0.0,
      "defense_name": "NoDefense",
      "detection_precision": null,
      "detection_recall": null,
      "detection_f1": null,
      "asr_drop": 0.0,
      "utility_drop": 0.05755394697189331
    },
    "hr": {
      "defense_clean_acc": 0.3992805778980255,
      "defense_asr": 0.4699999988079071,
      "defense_asr_clean_acc": 0.4743589758872986,
      "natural_target_ratio": 0.0,
      "defense_name": "HeteroGuard-HR",
      "train_info": {
        "best_epoch": 14,
        "best_val_acc": 0.49264705181121826,
        "last_loss": 0.021315377205610275,
        "mode": "weighted",
        "hard_removed_train_nodes": 62,
        "use_trigger_unlearning": false
      },
      "detection_precision": 1.0,
      "detection_recall": 1.0,
      "detection_f1": 1.0,
      "suspicious_nodes": 62,
      "hard_removed_train_nodes": 62,
      "asr_drop": 0.17499998211860657,
      "utility_drop": 0.03237408399581909
    },
    "unlearn": {
      "defense_clean_acc": 0.37050360441207886,
      "defense_asr": 0.0949999988079071,
      "defense_asr_clean_acc": 0.38461539149284363,
      "natural_target_ratio": 0.0,
      "defense_name": "HeteroGuard-Unlearn",
      "train_info": {
        "best_epoch": 62,
        "best_val_acc": 0.46691176295280457,
        "last_loss": 0.007658026181161404,
        "last_clean_loss": 0.006417528726160526,
        "last_unlearn_loss": 0.0012120313476771116,
        "last_suppress_loss": 0.00014233017282094806,
        "unlearn_samples": 256,
        "unlearn_lambda": 1.0,
        "target_suppression": 0.2,
        "mode": "weighted_unlearn",
        "hard_removed_train_nodes": 62,
        "use_trigger_unlearning": true
      },
      "detection_precision": 1.0,
      "detection_recall": 1.0,
      "detection_f1": 1.0,
      "suspicious_nodes": 62,
      "hard_removed_train_nodes": 62,
      "use_trigger_unlearning": true,
      "unlearn_lambda": 1.0,
      "unlearn_samples": 256,
      "target_suppression": 0.2,
      "asr_drop": 0.5499999821186066,
      "utility_drop": 0.06115105748176575
    }
  },
  "attacker_info": {
    "attack_name": "cba",
    "target_node_type": "movie",
    "target_class": 0,
    "poison_rate": 0.075,
    "trigger_size": 12,
    "poisoned_node_indices": [
      3149,
      3070,
      3091,
      3100,
      3101,
      3110,
      3115,
      3120,
      3129,
      3136,
      3053,
      3153,
      3159,
      3185,
      3195,
      3200,
      3210,
      3225,
      3228,
      3011,
      2920,
      2922,
      2945,
      2953,
      2970,
      2985,
      2994,
      3002,
      3230,
      3013,
      3015,
      3017,
      3029,
      3038,
      3040,
      3044,
      3049,
      3473,
      3400,
      3422,
      3432,
      3438,
      3445,
      3449,
      3455,
      3465,
      3395,
      3488,
      3498,
      3499,
      3506,
      3509,
      3517,
      3519,
      3522,
      3316,
      3247,
      3250,
      3255,
      3260,
      3265,
      3269
    ],
    "trigger_node_indices": {
      "movie": [
        4932,
        4933,
        4934,
        4935,
        4936,
        4937,
        4938,
        4939,
        4940,
        4941,
        4942,
        4943
      ]
    },
    "trigger_edge_types": [
      "('movie', 'backdoor', 'movie')",
      "('movie', 'rev_backdoor', 'movie')",
      "('movie', 'trigger_link', 'movie')",
      "('movie', 'rev_trigger_link', 'movie')"
    ],
    "target_feature_boost": true,
    "target_feature_strength": 1.5,
    "metadata": {
      "node_types": [
        "movie",
        "director",
        "actor",
        "keyword"
      ],
      "edge_types": [
        "('movie', 'to', 'director')",
        "('director', 'to', 'movie')",
        "('movie', '>actorh', 'actor')",
        "('actor', 'to', 'movie')",
        "('movie', 'to', 'keyword')",
        "('keyword', 'to', 'movie')",
        "('director', 'rev_to', 'movie')",
        "('movie', 'rev_to', 'director')",
        "('actor', 'rev_>actorh', 'movie')",
        "('movie', 'rev_to', 'actor')",
        "('keyword', 'rev_to', 'movie')",
        "('movie', 'rev_to', 'keyword')"
      ],
      "target_node_type": "movie",
      "num_classes": 5,
      "trigger_feature_dims": [
        0,
        1,
        2,
        3,
        4,
        5,
        7,
        8,
        9,
        10,
        11,
        12
      ],
      "target_feature_boost_dims": [
        0,
        1,
        2,
        3,
        4,
        5,
        7,
        8,
        9,
        10,
        11,
        12
      ],
      "poisoned_nodes": 62,
      "trigger_nodes": 12,
      "trigger_type": "cba_hybrid",
      "selection": "relation_degree_entropy_topk",
      "use_clique": true,
      "target_feature_boost": true
    }
  },
  "config": {
    "seed": 4,
    "data_dir": "./data",
    "output_dir": "./results_han_cross_dataset_5seeds",
    "save_results": true,
    "device": "cuda",
    "debug": false,
    "verbose": false,
    "dataset": "IMDB",
    "model": "HAN",
    "attack": "cba",
    "hidden_dim": 128,
    "num_heads": 4,
    "num_layers": 2,
    "dropout": 0.5,
    "num_bases": 8,
    "epochs": 200,
    "clean_epochs": null,
    "poison_epochs": null,
    "clean_probe_epochs": null,
    "lr": 0.01,
    "weight_decay": 0.0005,
    "patience": 50,
    "poison_save_best": "last",
    "poison_rate": 0.075,
    "trigger_size": 12,
    "target_class": 0,
    "trigger_strength": 3.0,
    "surrogate_epochs": 30,
    "num_inject": 200,
    "relation_mode": "hybrid",
    "target_feature_strength": 1.5,
    "aux_feature_strength": 3.5,
    "no_aux_clique": false,
    "defenses": "none,hr,unlearn",
    "pretrain_epochs": 50,
    "pretrain_lr": 0.005,
    "defense_epochs": 100,
    "defense_lr": 0.005,
    "defense_weight_decay": 0.0001,
    "detection_ratio": 0.075,
    "use_label_signal": false,
    "min_weight": 0.0,
    "max_downweight": 1.0,
    "unlearn_lambda": 1.0,
    "unlearn_samples": 256,
    "target_suppression": 0.2,
    "include_target_in_unlearning": false
  },
  "runtime_sec": 61.667717933654785
}