{
  "dataset": "IMDB",
  "model": "HAN",
  "attack": "uba",
  "seed": 5,
  "target_type": "movie",
  "num_classes": 5,
  "target_class": 0,
  "poison_rate": 0.2,
  "trigger_size": 10,
  "attack_metrics": {
    "clean_acc": 0.4064748287200928,
    "backdoored_clean_acc": 0.37050360441207886,
    "clean_acc_drop": 0.035971224308013916,
    "clean_trigger_asr": 0.0949999988079071,
    "clean_trigger_clean_acc": 0.38461539149284363,
    "poisoned_asr": 0.9750000238418579,
    "poisoned_asr_clean_acc": 0.43589743971824646,
    "natural_target_ratio": 0.0,
    "learned_backdoor_gap": 0.8800000250339508,
    "n_poison_nodes": 164,
    "n_trigger_nodes": 10
  },
  "defenses": {
    "none": {
      "defense_clean_acc": 0.37050360441207886,
      "defense_asr": 0.9750000238418579,
      "defense_asr_clean_acc": 0.43589743971824646,
      "natural_target_ratio": 0.0,
      "defense_name": "NoDefense",
      "detection_precision": null,
      "detection_recall": null,
      "detection_f1": null,
      "asr_drop": 0.0,
      "utility_drop": 0.035971224308013916
    },
    "hr": {
      "defense_clean_acc": 0.384892076253891,
      "defense_asr": 0.35499998927116394,
      "defense_asr_clean_acc": 0.4615384638309479,
      "natural_target_ratio": 0.0,
      "defense_name": "HeteroGuard-HR",
      "train_info": {
        "best_epoch": 13,
        "best_val_acc": 0.5110294222831726,
        "last_loss": 0.02996254526078701,
        "mode": "weighted",
        "hard_removed_train_nodes": 164,
        "use_trigger_unlearning": false
      },
      "detection_precision": 1.0,
      "detection_recall": 1.0,
      "detection_f1": 1.0,
      "suspicious_nodes": 164,
      "hard_removed_train_nodes": 164,
      "asr_drop": 0.620000034570694,
      "utility_drop": 0.021582752466201782
    },
    "unlearn": {
      "defense_clean_acc": 0.35611510276794434,
      "defense_asr": 0.11999999731779099,
      "defense_asr_clean_acc": 0.38461539149284363,
      "natural_target_ratio": 0.0,
      "defense_name": "HeteroGuard-Unlearn",
      "train_info": {
        "best_epoch": 26,
        "best_val_acc": 0.48161765933036804,
        "last_loss": 0.21385861933231354,
        "last_clean_loss": 0.15358760952949524,
        "last_unlearn_loss": 0.0591643750667572,
        "last_suppress_loss": 0.005533191375434399,
        "unlearn_samples": 256,
        "unlearn_lambda": 1.0,
        "target_suppression": 0.2,
        "mode": "weighted_unlearn",
        "hard_removed_train_nodes": 164,
        "use_trigger_unlearning": true
      },
      "detection_precision": 1.0,
      "detection_recall": 1.0,
      "detection_f1": 1.0,
      "suspicious_nodes": 164,
      "hard_removed_train_nodes": 164,
      "use_trigger_unlearning": true,
      "unlearn_lambda": 1.0,
      "unlearn_samples": 256,
      "target_suppression": 0.2,
      "asr_drop": 0.8550000265240669,
      "utility_drop": 0.05035972595214844
    }
  },
  "attacker_info": {
    "attack_name": "uba",
    "target_node_type": "movie",
    "target_class": 0,
    "poison_rate": 0.2,
    "trigger_size": 10,
    "poisoned_node_indices": [
      2086,
      4157,
      3265,
      3422,
      1867,
      12,
      3717,
      1901,
      877,
      1902,
      1589,
      1631,
      761,
      634,
      1803,
      3345,
      3546,
      2922,
      2892,
      1934,
      2446,
      993,
      4902,
      2491,
      4057,
      4402,
      159,
      4040,
      3937,
      3400,
      227,
      891,
      4782,
      2919,
      4034,
      4094,
      1843,
      1039,
      507,
      4498,
      3129,
      4307,
      2152,
      1110,
      4190,
      2256,
      1421,
      18,
      2867,
      1879,
      2232,
      908,
      4242,
      4762,
      1302,
      4803,
      4362,
      3110,
      4661,
      149,
      3544,
      3778,
      2920,
      3210,
      1660,
      2427,
      3070,
      743,
      701,
      189,
      4904,
      1443,
      130,
      2560,
      4072,
      1027,
      32,
      1031,
      4408,
      1946,
      3707,
      4048,
      59,
      4119,
      1014,
      645,
      1689,
      3120,
      3498,
      3944,
      2277,
      2601,
      2237,
      2953,
      815,
      425,
      893,
      4310,
      580,
      2393,
      4590,
      3250,
      158,
      4652,
      4603,
      2881,
      2668,
      1469,
      3049,
      1361,
      2163,
      4113,
      1295,
      3763,
      2572,
      1075,
      1915,
      4789,
      1461,
      2334,
      2810,
      3956,
      990,
      109,
      4038,
      3522,
      440,
      4428,
      1042,
      2233,
      1391,
      4394,
      4598,
      726,
      3307,
      2142,
      1235,
      315,
      822,
      3230,
      4434,
      680,
      2564,
      1253,
      2166,
      420,
      841,
      2898,
      1701,
      997,
      493,
      2507,
      3269,
      947,
      1342,
      1719,
      1330,
      4419,
      366,
      415,
      508,
      1257,
      814,
      1662
    ],
    "trigger_node_indices": {
      "movie": [
        4932,
        4933,
        4934,
        4935,
        4936,
        4937,
        4938,
        4939,
        4940,
        4941
      ]
    },
    "trigger_edge_types": [
      "('movie', 'backdoor', 'movie')",
      "('movie', 'rev_backdoor', 'movie')",
      "('movie', 'trigger_link', 'movie')",
      "('movie', 'rev_trigger_link', 'movie')"
    ],
    "target_feature_boost": true,
    "target_feature_strength": 4.0,
    "metadata": {
      "node_types": [
        "movie",
        "director",
        "actor",
        "keyword"
      ],
      "edge_types": [
        "('movie', 'to', 'director')",
        "('director', 'to', 'movie')",
        "('movie', '>actorh', 'actor')",
        "('actor', 'to', 'movie')",
        "('movie', 'to', 'keyword')",
        "('keyword', 'to', 'movie')",
        "('director', 'rev_to', 'movie')",
        "('movie', 'rev_to', 'director')",
        "('actor', 'rev_>actorh', 'movie')",
        "('movie', 'rev_to', 'actor')",
        "('keyword', 'rev_to', 'movie')",
        "('movie', 'rev_to', 'keyword')"
      ],
      "target_node_type": "movie",
      "num_classes": 5,
      "trigger_feature_dims": [
        0,
        1,
        2,
        3,
        4,
        5,
        7,
        8,
        9,
        10
      ],
      "target_feature_boost_dims": [
        0,
        1,
        2,
        3,
        4,
        5,
        7,
        8,
        9,
        10
      ],
      "poisoned_nodes": 164,
      "trigger_nodes": 10,
      "trigger_type": "uba_hybrid",
      "use_clique": true,
      "target_feature_boost": true,
      "max_trigger_size": 50
    }
  },
  "config": {
    "seed": 5,
    "data_dir": "./data",
    "output_dir": "./results_han_cross_dataset_5seeds",
    "save_results": true,
    "device": "cuda",
    "debug": false,
    "verbose": false,
    "dataset": "IMDB",
    "model": "HAN",
    "attack": "uba",
    "hidden_dim": 128,
    "num_heads": 4,
    "num_layers": 2,
    "dropout": 0.5,
    "num_bases": 8,
    "epochs": 200,
    "clean_epochs": null,
    "poison_epochs": null,
    "clean_probe_epochs": null,
    "lr": 0.01,
    "weight_decay": 0.0005,
    "patience": 50,
    "poison_save_best": "last",
    "poison_rate": 0.2,
    "trigger_size": 10,
    "target_class": 0,
    "trigger_strength": 3.0,
    "surrogate_epochs": 30,
    "num_inject": 200,
    "relation_mode": "hybrid",
    "target_feature_strength": 4.0,
    "aux_feature_strength": 6.0,
    "no_aux_clique": false,
    "defenses": "none,hr,unlearn",
    "pretrain_epochs": 50,
    "pretrain_lr": 0.005,
    "defense_epochs": 100,
    "defense_lr": 0.005,
    "defense_weight_decay": 0.0001,
    "detection_ratio": 0.2,
    "use_label_signal": false,
    "min_weight": 0.0,
    "max_downweight": 1.0,
    "unlearn_lambda": 1.0,
    "unlearn_samples": 256,
    "target_suppression": 0.2,
    "include_target_in_unlearning": false
  },