{
  "dataset": "IMDB",
  "model": "HAN",
  "attack": "clean_label",
  "seed": 2,
  "target_type": "movie",
  "num_classes": 5,
  "target_class": 0,
  "poison_rate": 0.2,
  "trigger_size": 10,
  "attack_metrics": {
    "clean_acc": 0.4208633005619049,
    "backdoored_clean_acc": 0.43525180220603943,
    "clean_acc_drop": -0.014388501644134521,
    "clean_trigger_asr": 0.14000000059604645,
    "clean_trigger_clean_acc": 0.39743590354919434,
    "poisoned_asr": 0.9900000095367432,
    "poisoned_asr_clean_acc": 0.28205129504203796,
    "natural_target_ratio": 0.0,
    "learned_backdoor_gap": 0.8500000089406967,
    "n_poison_nodes": 164,
    "n_trigger_nodes": 10
  },
  "defenses": {
    "none": {
      "defense_clean_acc": 0.43525180220603943,
      "defense_asr": 0.9900000095367432,
      "defense_asr_clean_acc": 0.28205129504203796,
      "natural_target_ratio": 0.0,
      "defense_name": "NoDefense",
      "detection_precision": null,
      "detection_recall": null,
      "detection_f1": null,
      "asr_drop": 0.0,
      "utility_drop": -0.014388501644134521
    },
    "hr": {
      "defense_clean_acc": 0.46043166518211365,
      "defense_asr": 0.0,
      "defense_asr_clean_acc": 0.03846153989434242,
      "natural_target_ratio": 0.0,
      "defense_name": "HeteroGuard-HR",
      "train_info": {
        "best_epoch": 13,
        "best_val_acc": 0.47058823704719543,
        "last_loss": 0.014324435032904148,
        "mode": "weighted",
        "hard_removed_train_nodes": 164,
        "use_trigger_unlearning": false
      },
      "detection_precision": 1.0,
      "detection_recall": 1.0,
      "detection_f1": 1.0,
      "suspicious_nodes": 164,
      "hard_removed_train_nodes": 164,
      "asr_drop": 0.9900000095367432,
      "utility_drop": -0.03956836462020874
    },
    "unlearn": {
      "defense_clean_acc": 0.41726619005203247,
      "defense_asr": 0.0,
      "defense_asr_clean_acc": 0.03846153989434242,
      "natural_target_ratio": 0.0,
      "defense_name": "HeteroGuard-Unlearn",
      "train_info": {
        "best_epoch": 15,
        "best_val_acc": 0.4632352888584137,
        "last_loss": 0.007103735115379095,
        "last_clean_loss": 0.006020678672939539,
        "last_unlearn_loss": 0.0010780668817460537,
        "last_suppress_loss": 2.4946693883975968e-05,
        "unlearn_samples": 256,
        "unlearn_lambda": 1.0,
        "target_suppression": 0.2,
        "mode": "weighted_unlearn",
        "hard_removed_train_nodes": 164,
        "use_trigger_unlearning": true
      },
      "detection_precision": 1.0,
      "detection_recall": 1.0,
      "detection_f1": 1.0,
      "suspicious_nodes": 164,
      "hard_removed_train_nodes": 164,
      "use_trigger_unlearning": true,
      "unlearn_lambda": 1.0,
      "unlearn_samples": 256,
      "target_suppression": 0.2,
      "asr_drop": 0.9900000095367432,
      "utility_drop": 0.0035971105098724365
    }
  },
  "attacker_info": {
    "attack_name": "clean_label",
    "target_node_type": "movie",
    "target_class": 0,
    "poison_rate": 0.2,
    "trigger_size": 10,
    "poisoned_node_indices": [
      4058,
      3598,
      3356,
      1744,
      3551,
      2554,
      2134,
      3443,
      4324,
      985,
      2382,
      2348,
      1219,
      2661,
      4167,
      3130,
      2910,
      2843,
      2143,
      755,
      1093,
      2951,
      1494,
      4116,
      4316,
      1998,
      1704,
      1585,
      4182,
      3173,
      3711,
      3348,
      4907,
      3258,
      453,
      1346,
      2609,
      1764,
      1830,
      2824,
      1254,
      4076,
      2246,
      1193,
      2724,
      4925,
      1890,
      399,
      3719,
      2934,
      2834,
      1768,
      3942,
      421,
      2644,
      4532,
      4632,
      2916,
      4537,
      3104,
      2726,
      332,
      1686,
      768,
      3518,
      784,
      1205,
      3123,
      1276,
      2044,
      4212,
      2442,
      275,
      4453,
      2637,
      898,
      186,
      281,
      4386,
      1109,
      2610,
      1189,
      3866,
      4176,
      3261,
      4561,
      1367,
      2187,
      4155,
      2272,
      1751,
      2740,
      3381,
      808,
      1038,
      2473,
      1908,
      1852,
      2608,
      3099,
      4521,
      4916,
      6,
      2720,
      3382,
      3477,
      3119,
      1298,
      577,
      873,
      4549,
      4911,
      1129,
      664,
      1986,
      4361,
      4702,
      525,
      650,
      3475,
      1775,
      2971,
      1611,
      1822,
      394,
      3771,
      819,
      915,
      2193,
      1388,
      2093,
      3010,
      4472,
      448,
      715,
      4100,
      1078,
      1328,
      3452,
      3549,
      2488,
      2734,
      3037,
      4647,
      2990,
      2849,
      1491,
      1410,
      1404,
      745,
      3107,
      4684,
      1168,
      1666,
      1928,
      3080,
      3973,
      2229,
      4510,
      1739,
      4547,
      4742,
      865,
      2899
    ],
    "trigger_node_indices": {
      "keyword": [
        7971,
        7972,
        7973,
        7974,
        7975,
        7976,
        7977,
        7978,
        7979,
        7980
      ]
    },
    "trigger_edge_types": [
      "('keyword', 'to', 'movie')",
      "('movie', 'rev_to', 'keyword')",
      "('keyword', 'trigger_link', 'keyword')",
      "('keyword', 'rev_trigger_link', 'keyword')"
    ],
    "target_feature_boost": true,
    "target_feature_strength": 4.0,
    "metadata": {
      "node_types": [
        "movie",
        "director",
        "actor",
        "keyword"
      ],
      "edge_types": [
        "('movie', 'to', 'director')",
        "('director', 'to', 'movie')",
        "('movie', '>actorh', 'actor')",
        "('actor', 'to', 'movie')",
        "('movie', 'to', 'keyword')",
        "('keyword', 'to', 'movie')",
        "('director', 'rev_to', 'movie')",
        "('movie', 'rev_to', 'director')",
        "('actor', 'rev_>actorh', 'movie')",
        "('movie', 'rev_to', 'actor')",
        "('keyword', 'rev_to', 'movie')",
        "('movie', 'rev_to', 'keyword')"
      ],
      "target_node_type": "movie",
      "num_classes": 5,
      "trigger_feature_dims": [
        2,
        0,
        1,
        49,
        118,
        25,
        104,
        13,
        29,
        60
      ],
      "target_feature_boost_dims": [
        0,
        1,
        2,
        3,
        4,
        5,
        7,
        8,
        9,
        10
      ],
      "poisoned_nodes": 164,
      "trigger_nodes": 10,
      "trigger_type": "clean_label_hybrid",
      "trigger_mode": "relation",
      "label_flipped": false,
      "target_feature_boost": true,
      "relation_edge_type": "('keyword', 'to', 'movie')"
    }
  },
  "config": {
    "seed": 2,
    "data_dir": "./data",
    "output_dir": "./results_han_cross_dataset_5seeds",
    "save_results": true,
    "device": "cuda",
    "debug": false,
    "verbose": false,
    "dataset": "IMDB",
    "model": "HAN",
    "attack": "clean_label",
    "hidden_dim": 128,
    "num_heads": 4,
    "num_layers": 2,
    "dropout": 0.5,
    "num_bases": 8,
    "epochs": 200,
    "clean_epochs": null,
    "poison_epochs": null,
    "clean_probe_epochs": null,
    "lr": 0.01,
    "weight_decay": 0.0005,
    "patience": 50,
    "poison_save_best": "last",
    "poison_rate": 0.2,
    "trigger_size": 10,
    "target_class": 0,
    "trigger_strength": 3.0,
    "surrogate_epochs": 30,
    "num_inject": 200,
    "relation_mode": "hybrid",
    "target_feature_strength": 4.0,
    "aux_feature_strength": 6.0,
    "no_aux_clique": false,
    "defenses": "none,hr,unlearn",
    "pretrain_epochs": 50,
    "pretrain_lr": 0.005,
    "defense_epochs": 100,
    "defense_lr": 0.005,
    "defense_weight_decay": 0.0001,
    "detection_ratio": 0.2,
    "use_label_signal": false,
    "min_weight": 0.0,
    "max_downweight": 1.0,
    "unlearn_lambda": 1.0,