{
  "dataset": "IMDB",
  "model": "HAN",
  "attack": "clean_label",
  "seed": 5,
  "target_type": "movie",
  "num_classes": 5,
  "target_class": 0,
  "poison_rate": 0.2,
  "trigger_size": 10,
  "attack_metrics": {
    "clean_acc": 0.4064748287200928,
    "backdoored_clean_acc": 0.3956834673881531,
    "clean_acc_drop": 0.010791361331939697,
    "clean_trigger_asr": 0.04500000178813934,
    "clean_trigger_clean_acc": 0.3333333432674408,
    "poisoned_asr": 0.9950000047683716,
    "poisoned_asr_clean_acc": 0.24358974397182465,
    "natural_target_ratio": 0.0,
    "learned_backdoor_gap": 0.9500000029802322,
    "n_poison_nodes": 164,
    "n_trigger_nodes": 10
  },
  "defenses": {
    "none": {
      "defense_clean_acc": 0.3956834673881531,
      "defense_asr": 0.9950000047683716,
      "defense_asr_clean_acc": 0.24358974397182465,
      "natural_target_ratio": 0.0,
      "defense_name": "NoDefense",
      "detection_precision": null,
      "detection_recall": null,
      "detection_f1": null,
      "asr_drop": 0.0,
      "utility_drop": 0.010791361331939697
    },
    "hr": {
      "defense_clean_acc": 0.4100719392299652,
      "defense_asr": 0.0,
      "defense_asr_clean_acc": 0.012820512987673283,
      "natural_target_ratio": 0.0,
      "defense_name": "HeteroGuard-HR",
      "train_info": {
        "best_epoch": 12,
        "best_val_acc": 0.4595588147640228,
        "last_loss": 0.17081032693386078,
        "mode": "weighted",
        "hard_removed_train_nodes": 164,
        "use_trigger_unlearning": false
      },
      "detection_precision": 1.0,
      "detection_recall": 1.0,
      "detection_f1": 1.0,
      "suspicious_nodes": 164,
      "hard_removed_train_nodes": 164,
      "asr_drop": 0.9950000047683716,
      "utility_drop": -0.0035971105098724365
    },
    "unlearn": {
      "defense_clean_acc": 0.41726619005203247,
      "defense_asr": 0.0,
      "defense_asr_clean_acc": 0.025641025975346565,
      "natural_target_ratio": 0.0,
      "defense_name": "HeteroGuard-Unlearn",
      "train_info": {
        "best_epoch": 18,
        "best_val_acc": 0.48161765933036804,
        "last_loss": 0.005176845006644726,
        "last_clean_loss": 0.00401620427146554,
        "last_unlearn_loss": 0.0011479706736281514,
        "last_suppress_loss": 6.334975478239357e-05,
        "unlearn_samples": 256,
        "unlearn_lambda": 1.0,
        "target_suppression": 0.2,
        "mode": "weighted_unlearn",
        "hard_removed_train_nodes": 164,
        "use_trigger_unlearning": true
      },
      "detection_precision": 1.0,
      "detection_recall": 1.0,
      "detection_f1": 1.0,
      "suspicious_nodes": 164,
      "hard_removed_train_nodes": 164,
      "use_trigger_unlearning": true,
      "unlearn_lambda": 1.0,
      "unlearn_samples": 256,
      "target_suppression": 0.2,
      "asr_drop": 0.9950000047683716,
      "utility_drop": -0.010791361331939697
    }
  },
  "attacker_info": {
    "attack_name": "clean_label",
    "target_node_type": "movie",
    "target_class": 0,
    "poison_rate": 0.2,
    "trigger_size": 10,
    "poisoned_node_indices": [
      3711,
      805,
      1585,
      3099,
      3348,
      1744,
      2442,
      745,
      3271,
      4386,
      1346,
      2971,
      920,
      2511,
      3024,
      2136,
      1998,
      3258,
      3475,
      3477,
      2724,
      4167,
      3719,
      2843,
      1491,
      755,
      1699,
      4324,
      545,
      275,
      4155,
      2187,
      4742,
      4196,
      2488,
      448,
      1410,
      1704,
      2934,
      2872,
      2610,
      1298,
      1852,
      2368,
      1078,
      4532,
      3951,
      3385,
      1764,
      3080,
      2990,
      3173,
      898,
      2661,
      1822,
      3382,
      1219,
      3119,
      394,
      2740,
      2637,
      2139,
      4632,
      3381,
      4393,
      2824,
      399,
      3104,
      2134,
      1506,
      4916,
      3443,
      3135,
      1827,
      4182,
      2272,
      4911,
      2382,
      808,
      421,
      985,
      186,
      3598,
      873,
      2473,
      2910,
      1036,
      1254,
      2193,
      3199,
      3130,
      1276,
      650,
      4537,
      1686,
      4907,
      2143,
      3213,
      4472,
      768,
      4535,
      3866,
      2138,
      3306,
      715,
      865,
      2849,
      2726,
      4647,
      3771,
      2590,
      784,
      4058,
      3107,
      1308,
      4521,
      4076,
      1193,
      4888,
      4925,
      577,
      1611,
      819,
      3483,
      1830,
      4100,
      3666,
      3010,
      2734,
      1082,
      4497,
      2385,
      1751,
      1927,
      1199,
      2229,
      1979,
      3356,
      540,
      4684,
      84,
      3549,
      4176,
      453,
      4549,
      2644,
      2951,
      3977,
      1189,
      2834,
      2609,
      1890,
      3551,
      1129,
      3261,
      2246,
      4875,
      1300,
      1928,
      4561,
      4116,
      1988,
      1367,
      3452
    ],
    "trigger_node_indices": {
      "keyword": [
        7971,
        7972,
        7973,
        7974,
        7975,
        7976,
        7977,
        7978,
        7979,
        7980
      ]
    },
    "trigger_edge_types": [
      "('keyword', 'to', 'movie')",
      "('movie', 'rev_to', 'keyword')",
      "('keyword', 'trigger_link', 'keyword')",
      "('keyword', 'rev_trigger_link', 'keyword')"
    ],
    "target_feature_boost": true,
    "target_feature_strength": 4.0,
    "metadata": {
      "node_types": [
        "movie",
        "director",
        "actor",
        "keyword"
      ],
      "edge_types": [
        "('movie', 'to', 'director')",
        "('director', 'to', 'movie')",
        "('movie', '>actorh', 'actor')",
        "('actor', 'to', 'movie')",
        "('movie', 'to', 'keyword')",
        "('keyword', 'to', 'movie')",
        "('director', 'rev_to', 'movie')",
        "('movie', 'rev_to', 'director')",
        "('actor', 'rev_>actorh', 'movie')",
        "('movie', 'rev_to', 'actor')",
        "('keyword', 'rev_to', 'movie')",
        "('movie', 'rev_to', 'keyword')"
      ],
      "target_node_type": "movie",
      "num_classes": 5,
      "trigger_feature_dims": [
        2,
        0,
        1,
        49,
        118,
        25,
        104,
        13,
        29,
        60
      ],
      "target_feature_boost_dims": [
        0,
        1,
        2,
        3,
        4,
        5,
        7,
        8,
        9,
        10
      ],
      "poisoned_nodes": 164,
      "trigger_nodes": 10,
      "trigger_type": "clean_label_hybrid",
      "trigger_mode": "relation",
      "label_flipped": false,
      "target_feature_boost": true,
      "relation_edge_type": "('keyword', 'to', 'movie')"
    }
  },
  "config": {
    "seed": 5,
    "data_dir": "./data",
    "output_dir": "./results_han_cross_dataset_5seeds",
    "save_results": true,
    "device": "cuda",
    "debug": false,
    "verbose": false,
    "dataset": "IMDB",
    "model": "HAN",
    "attack": "clean_label",
    "hidden_dim": 128,
    "num_heads": 4,
    "num_layers": 2,
    "dropout": 0.5,
    "num_bases": 8,
    "epochs": 200,
    "clean_epochs": null,
    "poison_epochs": null,
    "clean_probe_epochs": null,
    "lr": 0.01,
    "weight_decay": 0.0005,
    "patience": 50,
    "poison_save_best": "last",
    "poison_rate": 0.2,
    "trigger_size": 10,
    "target_class": 0,
    "trigger_strength": 3.0,
    "surrogate_epochs": 30,
    "num_inject": 200,
    "relation_mode": "hybrid",
    "target_feature_strength": 4.0,
    "aux_feature_strength": 6.0,
    "no_aux_clique": false,
    "defenses": "none,hr,unlearn",
    "pretrain_epochs": 50,
    "pretrain_lr": 0.005,
    "defense_epochs": 100,
    "defense_lr": 0.005,
    "defense_weight_decay": 0.0001,
    "detection_ratio": 0.2,
    "use_label_signal": false,
    "min_weight": 0.0,
    "max_downweight": 1.0,
    "unlearn_lambda": 1.0,