{
  "dataset": "Freebase",
  "model": "HAN",
  "attack": "clean_label",
  "seed": 4,
  "target_type": "book",
  "num_classes": 7,
  "target_class": 0,
  "poison_rate": 0.2,
  "trigger_size": 10,
  "attack_metrics": {
    "clean_acc": 0.46900826692581177,
    "backdoored_clean_acc": 0.4483471214771271,
    "clean_acc_drop": 0.020661145448684692,
    "clean_trigger_asr": 0.0,
    "clean_trigger_clean_acc": 0.4647887349128723,
    "poisoned_asr": 0.7900000214576721,
    "poisoned_asr_clean_acc": 0.4225352108478546,
    "natural_target_ratio": 0.0,
    "learned_backdoor_gap": 0.7900000214576721,
    "n_poison_nodes": 82,
    "n_trigger_nodes": 10
  },
  "defenses": {
    "none": {
      "defense_clean_acc": 0.4483471214771271,
      "defense_asr": 0.7900000214576721,
      "defense_asr_clean_acc": 0.4225352108478546,
      "natural_target_ratio": 0.0,
      "defense_name": "NoDefense",
      "detection_precision": null,
      "detection_recall": null,
      "detection_f1": null,
      "asr_drop": 0.0,
      "utility_drop": 0.020661145448684692
    },
    "hr": {
      "defense_clean_acc": 0.46900826692581177,
      "defense_asr": 0.0,
      "defense_asr_clean_acc": 0.4577464759349823,
      "natural_target_ratio": 0.0,
      "defense_name": "HeteroGuard-HR",
      "train_info": {
        "best_epoch": 75,
        "best_val_acc": 0.5379746556282043,
        "last_loss": 1.154581904411316,
        "mode": "weighted",
        "hard_removed_train_nodes": 286,
        "use_trigger_unlearning": false
      },
      "detection_precision": 0.2867132867132867,
      "detection_recall": 1.0,
      "detection_f1": 0.4456521739130435,
      "suspicious_nodes": 286,
      "hard_removed_train_nodes": 286,
      "asr_drop": 0.7900000214576721,
      "utility_drop": 0.0
    },
    "unlearn": {
      "defense_clean_acc": 0.47314050793647766,
      "defense_asr": 0.0,
      "defense_asr_clean_acc": 0.46830984950065613,
      "natural_target_ratio": 0.0,
      "defense_name": "HeteroGuard-Unlearn",
      "train_info": {
        "best_epoch": 50,
        "best_val_acc": 0.5189872980117798,
        "last_loss": 2.1785993576049805,
        "last_clean_loss": 1.2070119380950928,
        "last_unlearn_loss": 0.9686918258666992,
        "last_suppress_loss": 0.014477389864623547,
        "unlearn_samples": 256,
        "unlearn_lambda": 1.0,
        "target_suppression": 0.2,
        "mode": "weighted_unlearn",
        "hard_removed_train_nodes": 286,
        "use_trigger_unlearning": true
      },
      "detection_precision": 0.2867132867132867,
      "detection_recall": 1.0,
      "detection_f1": 0.4456521739130435,
      "suspicious_nodes": 286,
      "hard_removed_train_nodes": 286,
      "use_trigger_unlearning": true,
      "unlearn_lambda": 1.0,
      "unlearn_samples": 256,
      "target_suppression": 0.2,
      "asr_drop": 0.7900000214576721,
      "utility_drop": -0.0041322410106658936
    }
  },
  "attacker_info": {
    "attack_name": "clean_label",
    "target_node_type": "book",
    "target_class": 0,
    "poison_rate": 0.2,
    "trigger_size": 10,
    "poisoned_node_indices": [
      23290,
      6008,
      36769,
      29837,
      17613,
      4600,
      30621,
      9940,
      34628,
      12383,
      36146,
      16776,
      16877,
      19293,
      12580,
      34356,
      29474,
      33172,
      33705,
      33105,
      6614,
      23046,
      34160,
      24220,
      5512,
      21602,
      26427,
      38883,
      6789,
      36016,
      34115,
      30056,
      7003,
      34521,
      36577,
      35093,
      20131,
      28352,
      36433,
      27214,
      17037,
      20047,
      27033,
      34562,
      4614,
      36187,
      38730,
      33418,
      35785,
      39461,
      32072,
      27396,
      20248,
      32585,
      13472,
      37363,
      10937,
      25949,
      33466,
      39791,
      27085,
      36283,
      37710,
      26250,
      31294,
      19838,
      27435,
      27005,
      37599,
      21568,
      32357,
      23818,
      16316,
      3601,
      22686,
      37695,
      21833,
      16342,
      13305,
      25786,
      25850,
      29946
    ],
    "trigger_node_indices": {
      "film": [
        19427,
        19428,
        19429,
        19430,
        19431,
        19432,
        19433,
        19434,
        19435,
        19436
      ]
    },
    "trigger_edge_types": [
      "('film', 'rev_to', 'book')",
      "('book', 'to', 'film')",
      "('film', 'trigger_link', 'film')",
      "('film', 'rev_trigger_link', 'film')"
    ],
    "target_feature_boost": true,
    "target_feature_strength": 4.0,
    "metadata": {
      "node_types": [
        "book",
        "film",
        "music",
        "sports",
        "people",
        "location",
        "organization",
        "business"
      ],
      "edge_types": [
        "('book', 'and', 'book')",
        "('book', 'to', 'film')",
        "('book', 'on', 'sports')",
        "('book', 'on', 'location')",
        "('book', 'about', 'organization')",
        "('film', 'and', 'film')",
        "('music', 'in', 'book')",
        "('music', 'in', 'film')",
        "('music', 'and', 'music')",
        "('music', 'for', 'sports')",
        "('music', 'on', 'location')",
        "('sports', 'in', 'film')",
        "('sports', 'and', 'sports')",
        "('sports', 'on', 'location')",
        "('people', 'to', 'book')",
        "('people', 'to', 'film')",
        "('people', 'to', 'music')",
        "('people', 'to', 'sports')",
        "('people', 'and', 'people')",
        "('people', 'on', 'location')",
        "('people', 'in', 'organization')",
        "('people', 'in', 'business')",
        "('location', 'in', 'film')",
        "('location', 'and', 'location')",
        "('organization', 'in', 'film')",
        "('organization', 'to', 'music')",
        "('organization', 'to', 'sports')",
        "('organization', 'on', 'location')",
        "('organization', 'and', 'organization')",
        "('organization', 'for', 'business')",
        "('business', 'about', 'book')",
        "('business', 'about', 'film')",
        "('business', 'about', 'music')",
        "('business', 'about', 'sports')",
        "('business', 'on', 'location')",
        "('business', 'and', 'business')",
        "('book', 'rev_and', 'book')",
        "('film', 'rev_to', 'book')",
        "('sports', 'rev_on', 'book')",
        "('location', 'rev_on', 'book')",
        "('organization', 'rev_about', 'book')",
        "('film', 'rev_and', 'film')",
        "('book', 'rev_in', 'music')",
        "('film', 'rev_in', 'music')",
        "('music', 'rev_and', 'music')",
        "('sports', 'rev_for', 'music')",
        "('location', 'rev_on', 'music')",
        "('film', 'rev_in', 'sports')",
        "('sports', 'rev_and', 'sports')",
        "('location', 'rev_on', 'sports')",
        "('book', 'rev_to', 'people')",
        "('film', 'rev_to', 'people')",
        "('music', 'rev_to', 'people')",
        "('sports', 'rev_to', 'people')",
        "('people', 'rev_and', 'people')",
        "('location', 'rev_on', 'people')",
        "('organization', 'rev_in', 'people')",
        "('business', 'rev_in', 'people')",
        "('film', 'rev_in', 'location')",
        "('location', 'rev_and', 'location')",
        "('film', 'rev_in', 'organization')",
        "('music', 'rev_to', 'organization')",
        "('sports', 'rev_to', 'organization')",
        "('location', 'rev_on', 'organization')",
        "('organization', 'rev_and', 'organization')",
        "('business', 'rev_for', 'organization')",
        "('book', 'rev_about', 'business')",
        "('film', 'rev_about', 'business')",
        "('music', 'rev_about', 'business')",
        "('sports', 'rev_about', 'business')",
        "('location', 'rev_on', 'business')",
        "('business', 'rev_and', 'business')"
      ],
      "target_node_type": "book",
      "num_classes": 7,