{
  "dataset": "IMDB",
  "model": "HAN",
  "attack": "uba",
  "seed": 1,
  "target_type": "movie",
  "num_classes": 5,
  "target_class": 0,
  "poison_rate": 0.2,
  "trigger_size": 10,
  "attack_metrics": {
    "clean_acc": 0.3992805778980255,
    "backdoored_clean_acc": 0.41726619005203247,
    "clean_acc_drop": -0.017985612154006958,
    "clean_trigger_asr": 0.16500000655651093,
    "clean_trigger_clean_acc": 0.3461538553237915,
    "poisoned_asr": 0.925000011920929,
    "poisoned_asr_clean_acc": 0.5512820482254028,
    "natural_target_ratio": 0.0,
    "learned_backdoor_gap": 0.760000005364418,
    "n_poison_nodes": 164,
    "n_trigger_nodes": 10
  },
  "defenses": {
    "none": {
      "defense_clean_acc": 0.41726619005203247,
      "defense_asr": 0.925000011920929,
      "defense_asr_clean_acc": 0.5512820482254028,
      "natural_target_ratio": 0.0,
      "defense_name": "NoDefense",
      "detection_precision": null,
      "detection_recall": null,
      "detection_f1": null,
      "asr_drop": 0.0,
      "utility_drop": -0.017985612154006958
    },
    "hr": {
      "defense_clean_acc": 0.41726619005203247,
      "defense_asr": 0.18000000715255737,
      "defense_asr_clean_acc": 0.4615384638309479,
      "natural_target_ratio": 0.0,
      "defense_name": "HeteroGuard-HR",
      "train_info": {
        "best_epoch": 13,
        "best_val_acc": 0.5036764740943909,
        "last_loss": 0.012045142240822315,
        "mode": "weighted",
        "hard_removed_train_nodes": 164,
        "use_trigger_unlearning": false
      },
      "detection_precision": 1.0,
      "detection_recall": 1.0,
      "detection_f1": 1.0,
      "suspicious_nodes": 164,
      "hard_removed_train_nodes": 164,
      "asr_drop": 0.7450000047683716,
      "utility_drop": -0.017985612154006958
    },
    "unlearn": {
      "defense_clean_acc": 0.36690646409988403,
      "defense_asr": 0.054999999701976776,
      "defense_asr_clean_acc": 0.41025641560554504,
      "natural_target_ratio": 0.0,
      "defense_name": "HeteroGuard-Unlearn",
      "train_info": {
        "best_epoch": 19,
        "best_val_acc": 0.5,
        "last_loss": 0.013515337370336056,
        "last_clean_loss": 0.012324250303208828,
        "last_unlearn_loss": 0.0011821456719189882,
        "last_suppress_loss": 4.470785643206909e-05,
        "unlearn_samples": 256,
        "unlearn_lambda": 1.0,
        "target_suppression": 0.2,
        "mode": "weighted_unlearn",
        "hard_removed_train_nodes": 164,
        "use_trigger_unlearning": true
      },
      "detection_precision": 1.0,
      "detection_recall": 1.0,
      "detection_f1": 1.0,
      "suspicious_nodes": 164,
      "hard_removed_train_nodes": 164,
      "use_trigger_unlearning": true,
      "unlearn_lambda": 1.0,
      "unlearn_samples": 256,
      "target_suppression": 0.2,
      "asr_drop": 0.8700000122189522,
      "utility_drop": 0.03237411379814148
    }
  },
  "attacker_info": {
    "attack_name": "uba",
    "target_node_type": "movie",
    "target_class": 0,
    "poison_rate": 0.2,
    "trigger_size": 10,
    "poisoned_node_indices": [
      2398,
      1767,
      3040,
      4756,
      3432,
      2427,
      4158,
      2818,
      1901,
      4224,
      4642,
      102,
      3657,
      2172,
      2881,
      3821,
      2587,
      2233,
      3310,
      4069,
      2624,
      1110,
      1391,
      4590,
      4518,
      2659,
      2425,
      4661,
      3011,
      2045,
      3355,
      3956,
      3544,
      3937,
      1360,
      2560,
      1387,
      2173,
      622,
      2919,
      3029,
      3665,
      3225,
      811,
      1170,
      3755,
      4190,
      3633,
      4032,
      4174,
      390,
      4858,
      4379,
      1791,
      2826,
      1701,
      1257,
      4862,
      1358,
      3504,
      2970,
      4767,
      4233,
      4157,
      1235,
      1253,
      431,
      1803,
      1329,
      2387,
      1802,
      2393,
      1018,
      859,
      1066,
      4469,
      4242,
      2507,
      4019,
      2011,
      3509,
      2149,
      4803,
      314,
      766,
      844,
      2360,
      2163,
      2543,
      529,
      3260,
      599,
      2237,
      1793,
      3944,
      1719,
      3546,
      3053,
      2922,
      2224,
      815,
      3091,
      3345,
      3673,
      2671,
      4430,
      2748,
      1196,
      2300,
      2668,
      3499,
      1270,
      1448,
      206,
      425,
      516,
      4598,
      1867,
      742,
      1933,
      2277,
      397,
      2068,
      695,
      4772,
      1915,
      18,
      2839,
      1443,
      3159,
      4406,
      2167,
      2502,
      4012,
      3573,
      4501,
      3988,
      849,
      3265,
      1875,
      1302,
      1934,
      3200,
      3149,
      990,
      4072,
      2810,
      4057,
      3013,
      893,
      1648,
      4144,
      615,
      3341,
      767,
      2302,
      3528,
      2994,
      1039,
      2292,
      4703,
      3210,
      1540,
      2965
    ],
    "trigger_node_indices": {
      "movie": [
        4932,
        4933,
        4934,
        4935,
        4936,
        4937,
        4938,
        4939,
        4940,
        4941
      ]
    },
    "trigger_edge_types": [
      "('movie', 'backdoor', 'movie')",
      "('movie', 'rev_backdoor', 'movie')",
      "('movie', 'trigger_link', 'movie')",
      "('movie', 'rev_trigger_link', 'movie')"
    ],
    "target_feature_boost": true,
    "target_feature_strength": 4.0,
    "metadata": {
      "node_types": [
        "movie",
        "director",
        "actor",
        "keyword"
      ],
      "edge_types": [
        "('movie', 'to', 'director')",
        "('director', 'to', 'movie')",
        "('movie', '>actorh', 'actor')",
        "('actor', 'to', 'movie')",
        "('movie', 'to', 'keyword')",
        "('keyword', 'to', 'movie')",
        "('director', 'rev_to', 'movie')",
        "('movie', 'rev_to', 'director')",
        "('actor', 'rev_>actorh', 'movie')",
        "('movie', 'rev_to', 'actor')",
        "('keyword', 'rev_to', 'movie')",
        "('movie', 'rev_to', 'keyword')"
      ],
      "target_node_type": "movie",
      "num_classes": 5,
      "trigger_feature_dims": [
        0,
        1,
        2,
        3,
        4,
        5,
        7,
        8,
        9,
        10
      ],
      "target_feature_boost_dims": [
        0,
        1,
        2,
        3,
        4,
        5,
        7,
        8,
        9,
        10
      ],
      "poisoned_nodes": 164,
      "trigger_nodes": 10,
      "trigger_type": "uba_hybrid",
      "use_clique": true,
      "target_feature_boost": true,
      "max_trigger_size": 50
    }
  },
  "config": {
    "seed": 1,
    "data_dir": "./data",
    "output_dir": "./results_han_cross_dataset_5seeds",
    "save_results": true,
    "device": "cuda",
    "debug": false,
    "verbose": false,
    "dataset": "IMDB",
    "model": "HAN",
    "attack": "uba",
    "hidden_dim": 128,
    "num_heads": 4,
    "num_layers": 2,
    "dropout": 0.5,
    "num_bases": 8,
    "epochs": 200,
    "clean_epochs": null,
    "poison_epochs": null,
    "clean_probe_epochs": null,
    "lr": 0.01,
    "weight_decay": 0.0005,
    "patience": 50,
    "poison_save_best": "last",
    "poison_rate": 0.2,
    "trigger_size": 10,
    "target_class": 0,
    "trigger_strength": 3.0,
    "surrogate_epochs": 30,
    "num_inject": 200,
    "relation_mode": "hybrid",
    "target_feature_strength": 4.0,
    "aux_feature_strength": 6.0,
    "no_aux_clique": false,
    "defenses": "none,hr,unlearn",
    "pretrain_epochs": 50,
    "pretrain_lr": 0.005,
    "defense_epochs": 100,
    "defense_lr": 0.005,
    "defense_weight_decay": 0.0001,
    "detection_ratio": 0.2,
    "use_label_signal": false,
    "min_weight": 0.0,
    "max_downweight": 1.0,
    "unlearn_lambda": 1.0,
    "unlearn_samples": 256,
    "target_suppression": 0.2,
    "include_target_in_unlearning": false
  },