{
  "dataset": "DBLP",
  "model": "HAN",
  "attack": "feature",
  "seed": 4,
  "target_type": "author",
  "num_classes": 4,
  "target_class": 0,
  "poison_rate": 0.1,
  "trigger_size": 10,
  "attack_metrics": {
    "clean_acc": 0.850806474685669,
    "backdoored_clean_acc": 0.7540322542190552,
    "clean_acc_drop": 0.09677422046661377,
    "clean_trigger_asr": 0.06936416029930115,
    "clean_trigger_clean_acc": 0.8799999952316284,
    "poisoned_asr": 0.849711000919342,
    "poisoned_asr_clean_acc": 0.8666666746139526,
    "natural_target_ratio": 0.0,
    "learned_backdoor_gap": 0.7803468406200409,
    "n_poison_nodes": 73,
    "n_trigger_nodes": 0
  },
  "defenses": {
    "none": {
      "defense_clean_acc": 0.7540322542190552,
      "defense_asr": 0.849711000919342,
      "defense_asr_clean_acc": 0.8666666746139526,
      "natural_target_ratio": 0.0,
      "defense_name": "NoDefense",
      "detection_precision": null,
      "detection_recall": null,
      "detection_f1": null,
      "asr_drop": 0.0,
      "utility_drop": 0.09677422046661377
    },
    "hr": {
      "defense_clean_acc": 0.8225806355476379,
      "defense_asr": 0.040462426841259,
      "defense_asr_clean_acc": 0.8533333539962769,
      "natural_target_ratio": 0.0,
      "defense_name": "HeteroGuard-HR",
      "train_info": {
        "best_epoch": 10,
        "best_val_acc": 0.8381743431091309,
        "last_loss": 0.022989382967352867,
        "mode": "weighted",
        "hard_removed_train_nodes": 73,
        "use_trigger_unlearning": false
      },
      "detection_precision": 1.0,
      "detection_recall": 1.0,
      "detection_f1": 1.0,
      "suspicious_nodes": 73,
      "hard_removed_train_nodes": 73,
      "asr_drop": 0.809248574078083,
      "utility_drop": 0.028225839138031006
    },
    "unlearn": {
      "defense_clean_acc": 0.7782257795333862,
      "defense_asr": 0.017341040074825287,
      "defense_asr_clean_acc": 0.7599999904632568,
      "natural_target_ratio": 0.0,
      "defense_name": "HeteroGuard-Unlearn",
      "train_info": {
        "best_epoch": 15,
        "best_val_acc": 0.7883817553520203,
        "last_loss": 0.04911649599671364,
        "last_clean_loss": 0.019774580374360085,
        "last_unlearn_loss": 0.02840336412191391,
        "last_suppress_loss": 0.004692764487117529,
        "unlearn_samples": 256,
        "unlearn_lambda": 1.0,
        "target_suppression": 0.2,
        "mode": "weighted_unlearn",
        "hard_removed_train_nodes": 73,
        "use_trigger_unlearning": true
      },
      "detection_precision": 1.0,
      "detection_recall": 1.0,
      "detection_f1": 1.0,
      "suspicious_nodes": 73,
      "hard_removed_train_nodes": 73,
      "use_trigger_unlearning": true,
      "unlearn_lambda": 1.0,
      "unlearn_samples": 256,
      "target_suppression": 0.2,
      "asr_drop": 0.8323699608445168,
      "utility_drop": 0.07258069515228271
    }
  },
  "attacker_info": {
    "attack_name": "feature",
    "target_node_type": "author",
    "target_class": 0,
    "poison_rate": 0.1,
    "trigger_size": 10,
    "poisoned_node_indices": [
      1776,
      3380,
      3422,
      20,
      477,
      2225,
      2259,
      2592,
      3774,
      847,
      942,
      86,
      3282,
      3703,
      3,
      601,
      3626,
      2393,
      3343,
      3344,
      3045,
      2921,
      1223,
      2602,
      648,
      2860,
      2179,
      2534,
      11,
      3480,
      431,
      1707,
      3564,
      1663,
      3419,
      36,
      2816,
      1704,
      891,
      3276,
      776,
      1010,
      3251,
      3475,
      62,
      2469,
      390,
      895,
      2756,
      1979,
      930,
      3712,
      1284,
      758,
      3760,
      1621,
      539,
      2557,
      517,
      2548,
      2577,
      681,
      2631,
      2405,
      729,
      3256,
      943,
      2182,
      1787,
      1016,
      2677,
      3750,
      3956
    ],
    "trigger_node_indices": {
      "author": []
    },
    "trigger_edge_types": [],
    "target_feature_boost": false,
    "target_feature_strength": 4.0,
    "metadata": {
      "node_types": [
        "author",
        "paper",
        "term",
        "venue"
      ],
      "edge_types": [
        "('author', 'to', 'paper')",
        "('paper', 'to', 'term')",
        "('paper', 'to', 'venue')",
        "('paper', 'to', 'author')",
        "('term', 'to', 'paper')",
        "('venue', 'to', 'paper')",
        "('paper', 'rev_to', 'author')",
        "('term', 'rev_to', 'paper')",
        "('venue', 'rev_to', 'paper')",
        "('author', 'rev_to', 'paper')",
        "('paper', 'rev_to', 'term')",
        "('paper', 'rev_to', 'venue')"
      ],
      "target_node_type": "author",
      "num_classes": 4,
      "trigger_dims": [
        63,
        23,
        321,
        295,
        135,
        222,
        152,
        242,
        64,
        170
      ],
      "trigger_strength": 3.0,
      "poisoned_nodes": 73,
      "trigger_type": "feature_vector"
    }
  },
  "config": {
    "seed": 4,
    "data_dir": "./data",
    "output_dir": "./results_han_cross_dataset_5seeds",
    "save_results": true,
    "device": "cuda",
    "debug": false,
    "verbose": false,
    "dataset": "DBLP",
    "model": "HAN",
    "attack": "feature",
    "hidden_dim": 128,
    "num_heads": 4,
    "num_layers": 2,
    "dropout": 0.5,
    "num_bases": 8,
    "epochs": 200,
    "clean_epochs": null,
    "poison_epochs": null,
    "clean_probe_epochs": null,
    "lr": 0.01,
    "weight_decay": 0.0005,
    "patience": 50,
    "poison_save_best": "last",
    "poison_rate": 0.1,
    "trigger_size": 10,
    "target_class": 0,
    "trigger_strength": 3.0,
    "surrogate_epochs": 30,
    "num_inject": 200,
    "relation_mode": "hybrid",
    "target_feature_strength": 4.0,
    "aux_feature_strength": 6.0,
    "no_aux_clique": false,
    "defenses": "none,hr,unlearn",
    "pretrain_epochs": 50,
    "pretrain_lr": 0.005,
    "defense_epochs": 100,
    "defense_lr": 0.005,
    "defense_weight_decay": 0.0001,
    "detection_ratio": 0.1,
    "use_label_signal": false,
    "min_weight": 0.0,
    "max_downweight": 1.0,
    "unlearn_lambda": 1.0,
    "unlearn_samples": 256,
    "target_suppression": 0.2,
    "include_target_in_unlearning": false
  },
  "runtime_sec": 46.655519247055054
}