{
  "dataset": "IMDB",
  "model": "HAN",
  "attack": "feature",
  "seed": 5,
  "target_type": "movie",
  "num_classes": 5,
  "target_class": 0,
  "poison_rate": 0.1,
  "trigger_size": 10,
  "attack_metrics": {
    "clean_acc": 0.4064748287200928,
    "backdoored_clean_acc": 0.4208633005619049,
    "clean_acc_drop": -0.014388471841812134,
    "clean_trigger_asr": 0.07999999821186066,
    "clean_trigger_clean_acc": 0.29487180709838867,
    "poisoned_asr": 0.9300000071525574,
    "poisoned_asr_clean_acc": 0.41025641560554504,
    "natural_target_ratio": 0.0,
    "learned_backdoor_gap": 0.8500000089406967,
    "n_poison_nodes": 82,
    "n_trigger_nodes": 0
  },
  "defenses": {
    "none": {
      "defense_clean_acc": 0.4208633005619049,
      "defense_asr": 0.9300000071525574,
      "defense_asr_clean_acc": 0.41025641560554504,
      "natural_target_ratio": 0.0,
      "defense_name": "NoDefense",
      "detection_precision": null,
      "detection_recall": null,
      "detection_f1": null,
      "asr_drop": 0.0,
      "utility_drop": -0.014388471841812134
    },
    "hr": {
      "defense_clean_acc": 0.41366907954216003,
      "defense_asr": 0.26499998569488525,
      "defense_asr_clean_acc": 0.42307692766189575,
      "natural_target_ratio": 0.0,
      "defense_name": "HeteroGuard-HR",
      "train_info": {
        "best_epoch": 15,
        "best_val_acc": 0.5110294222831726,
        "last_loss": 0.004624576307833195,
        "mode": "weighted",
        "hard_removed_train_nodes": 82,
        "use_trigger_unlearning": false
      },
      "detection_precision": 1.0,
      "detection_recall": 1.0,
      "detection_f1": 1.0,
      "suspicious_nodes": 82,
      "hard_removed_train_nodes": 82,
      "asr_drop": 0.6650000214576721,
      "utility_drop": -0.007194250822067261
    },
    "unlearn": {
      "defense_clean_acc": 0.41366907954216003,
      "defense_asr": 0.05000000074505806,
      "defense_asr_clean_acc": 0.4871794879436493,
      "natural_target_ratio": 0.0,
      "defense_name": "HeteroGuard-Unlearn",
      "train_info": {
        "best_epoch": 25,
        "best_val_acc": 0.5073529481887817,
        "last_loss": 0.01257636770606041,
        "last_clean_loss": 0.0117588946595788,
        "last_unlearn_loss": 0.0008077447419054806,
        "last_suppress_loss": 4.8644302296452224e-05,
        "unlearn_samples": 256,
        "unlearn_lambda": 1.0,
        "target_suppression": 0.2,
        "mode": "weighted_unlearn",
        "hard_removed_train_nodes": 82,
        "use_trigger_unlearning": true
      },
      "detection_precision": 1.0,
      "detection_recall": 1.0,
      "detection_f1": 1.0,
      "suspicious_nodes": 82,
      "hard_removed_train_nodes": 82,
      "use_trigger_unlearning": true,
      "unlearn_lambda": 1.0,
      "unlearn_samples": 256,
      "target_suppression": 0.2,
      "asr_drop": 0.8800000064074993,
      "utility_drop": -0.007194250822067261
    }
  },
  "attacker_info": {
    "attack_name": "feature",
    "target_node_type": "movie",
    "target_class": 0,
    "poison_rate": 0.1,
    "trigger_size": 10,
    "poisoned_node_indices": [
      2086,
      4157,
      3265,
      3422,
      1867,
      12,
      3717,
      1901,
      877,
      1902,
      1589,
      1631,
      761,
      634,
      1803,
      3345,
      3546,
      2922,
      2892,
      1934,
      2446,
      993,
      4902,
      2491,
      4057,
      4402,
      159,
      4040,
      3937,
      3400,
      227,
      891,
      4782,
      2919,
      4034,
      4094,
      1843,
      1039,
      507,
      4498,
      3129,
      4307,
      2152,
      1110,
      4190,
      2256,
      1421,
      18,
      2867,
      1879,
      2232,
      908,
      4242,
      4762,
      1302,
      4803,
      4362,
      3110,
      4661,
      149,
      3544,
      3778,
      2920,
      3210,
      1660,
      2427,
      3070,
      743,
      701,
      189,
      4904,
      1443,
      130,
      2560,
      4072,
      1027,
      32,
      1031,
      4408,
      1946,
      3707,
      4048
    ],
    "trigger_node_indices": {
      "movie": []
    },
    "trigger_edge_types": [],
    "target_feature_boost": false,
    "target_feature_strength": 4.0,
    "metadata": {
      "node_types": [
        "movie",
        "director",
        "actor",
        "keyword"
      ],
      "edge_types": [
        "('movie', 'to', 'director')",
        "('director', 'to', 'movie')",
        "('movie', '>actorh', 'actor')",
        "('actor', 'to', 'movie')",
        "('movie', 'to', 'keyword')",
        "('keyword', 'to', 'movie')",
        "('director', 'rev_to', 'movie')",
        "('movie', 'rev_to', 'director')",
        "('actor', 'rev_>actorh', 'movie')",
        "('movie', 'rev_to', 'actor')",
        "('keyword', 'rev_to', 'movie')",
        "('movie', 'rev_to', 'keyword')"
      ],
      "target_node_type": "movie",
      "num_classes": 5,
      "trigger_dims": [
        0,
        1,
        2,
        3,
        4,
        5,
        7,
        8,
        9,
        10
      ],
      "trigger_strength": 3.0,
      "poisoned_nodes": 82,
      "trigger_type": "feature_vector"
    }
  },
  "config": {
    "seed": 5,
    "data_dir": "./data",
    "output_dir": "./results_han_cross_dataset_5seeds",
    "save_results": true,
    "device": "cuda",
    "debug": false,
    "verbose": false,
    "dataset": "IMDB",
    "model": "HAN",
    "attack": "feature",
    "hidden_dim": 128,
    "num_heads": 4,
    "num_layers": 2,
    "dropout": 0.5,
    "num_bases": 8,
    "epochs": 200,
    "clean_epochs": null,
    "poison_epochs": null,
    "clean_probe_epochs": null,
    "lr": 0.01,
    "weight_decay": 0.0005,
    "patience": 50,
    "poison_save_best": "last",
    "poison_rate": 0.1,
    "trigger_size": 10,
    "target_class": 0,
    "trigger_strength": 3.0,
    "surrogate_epochs": 30,
    "num_inject": 200,
    "relation_mode": "hybrid",
    "target_feature_strength": 4.0,
    "aux_feature_strength": 6.0,
    "no_aux_clique": false,
    "defenses": "none,hr,unlearn",
    "pretrain_epochs": 50,
    "pretrain_lr": 0.005,
    "defense_epochs": 100,
    "defense_lr": 0.005,
    "defense_weight_decay": 0.0001,
    "detection_ratio": 0.1,
    "use_label_signal": false,
    "min_weight": 0.0,
    "max_downweight": 1.0,
    "unlearn_lambda": 1.0,
    "unlearn_samples": 256,
    "target_suppression": 0.2,
    "include_target_in_unlearning": false
  },
  "runtime_sec": 54.27264404296875
}