{
  "dataset": "IMDB",
  "model": "HAN",
  "attack": "clean_label",
  "seed": 1,
  "target_type": "movie",
  "num_classes": 5,
  "target_class": 0,
  "poison_rate": 0.2,
  "trigger_size": 10,
  "attack_metrics": {
    "clean_acc": 0.3992805778980255,
    "backdoored_clean_acc": 0.4460431635379791,
    "clean_acc_drop": -0.04676258563995361,
    "clean_trigger_asr": 0.12999999523162842,
    "clean_trigger_clean_acc": 0.5384615659713745,
    "poisoned_asr": 0.9950000047683716,
    "poisoned_asr_clean_acc": 0.24358974397182465,
    "natural_target_ratio": 0.0,
    "learned_backdoor_gap": 0.8650000095367432,
    "n_poison_nodes": 164,
    "n_trigger_nodes": 10
  },
  "defenses": {
    "none": {
      "defense_clean_acc": 0.4460431635379791,
      "defense_asr": 0.9950000047683716,
      "defense_asr_clean_acc": 0.24358974397182465,
      "natural_target_ratio": 0.0,
      "defense_name": "NoDefense",
      "detection_precision": null,
      "detection_recall": null,
      "detection_f1": null,
      "asr_drop": 0.0,
      "utility_drop": -0.04676258563995361
    },
    "hr": {
      "defense_clean_acc": 0.34532374143600464,
      "defense_asr": 0.054999999701976776,
      "defense_asr_clean_acc": 0.12820513546466827,
      "natural_target_ratio": 0.0,
      "defense_name": "HeteroGuard-HR",
      "train_info": {
        "best_epoch": 80,
        "best_val_acc": 0.4742647111415863,
        "last_loss": 0.17083638906478882,
        "mode": "weighted",
        "hard_removed_train_nodes": 164,
        "use_trigger_unlearning": false
      },
      "detection_precision": 1.0,
      "detection_recall": 1.0,
      "detection_f1": 1.0,
      "suspicious_nodes": 164,
      "hard_removed_train_nodes": 164,
      "asr_drop": 0.9400000050663948,
      "utility_drop": 0.053956836462020874
    },
    "unlearn": {
      "defense_clean_acc": 0.35971224308013916,
      "defense_asr": 0.029999999329447746,
      "defense_asr_clean_acc": 0.12820513546466827,
      "natural_target_ratio": 0.0,
      "defense_name": "HeteroGuard-Unlearn",
      "train_info": {
        "best_epoch": 73,
        "best_val_acc": 0.4375,
        "last_loss": 0.27306410670280457,
        "last_clean_loss": 0.17054249346256256,
        "last_unlearn_loss": 0.10191415250301361,
        "last_suppress_loss": 0.0030373400077223778,
        "unlearn_samples": 256,
        "unlearn_lambda": 1.0,
        "target_suppression": 0.2,
        "mode": "weighted_unlearn",
        "hard_removed_train_nodes": 164,
        "use_trigger_unlearning": true
      },
      "detection_precision": 1.0,
      "detection_recall": 1.0,
      "detection_f1": 1.0,
      "suspicious_nodes": 164,
      "hard_removed_train_nodes": 164,
      "use_trigger_unlearning": true,
      "unlearn_lambda": 1.0,
      "unlearn_samples": 256,
      "target_suppression": 0.2,
      "asr_drop": 0.9650000054389238,
      "utility_drop": 0.03956833481788635
    }
  },
  "attacker_info": {
    "attack_name": "clean_label",
    "target_node_type": "movie",
    "target_class": 0,
    "poison_rate": 0.2,
    "trigger_size": 10,
    "poisoned_node_indices": [
      3549,
      3382,
      1704,
      2139,
      1890,
      394,
      1699,
      186,
      4116,
      1768,
      3551,
      2849,
      2834,
      1928,
      898,
      2726,
      1979,
      873,
      1093,
      2910,
      1764,
      4824,
      3771,
      920,
      3475,
      3173,
      915,
      4100,
      1129,
      2187,
      805,
      2442,
      4182,
      1410,
      3010,
      4386,
      3123,
      2843,
      3719,
      2368,
      3866,
      3518,
      1308,
      4212,
      3107,
      2990,
      3271,
      2734,
      84,
      3477,
      2554,
      650,
      2143,
      4547,
      4532,
      4316,
      6,
      1300,
      2724,
      2272,
      768,
      525,
      545,
      4291,
      2934,
      3130,
      4911,
      1036,
      1739,
      1205,
      2824,
      4058,
      1298,
      4632,
      2916,
      745,
      2637,
      1346,
      4549,
      2488,
      1078,
      4925,
      4907,
      4393,
      3306,
      1908,
      3977,
      2608,
      332,
      4510,
      2740,
      2590,
      421,
      1986,
      819,
      4167,
      399,
      3213,
      1585,
      4535,
      1852,
      1912,
      1109,
      1775,
      4561,
      1491,
      1082,
      2899,
      1830,
      4888,
      1038,
      1189,
      1255,
      3104,
      3037,
      3483,
      1112,
      4537,
      3024,
      1494,
      4875,
      1751,
      1168,
      4453,
      1276,
      3199,
      3238,
      3348,
      4324,
      1388,
      2093,
      1998,
      4521,
      1927,
      3973,
      4176,
      1666,
      1611,
      3261,
      540,
      3119,
      1193,
      448,
      2609,
      865,
      2951,
      1506,
      784,
      2382,
      3666,
      2193,
      1827,
      3356,
      2720,
      4752,
      3135,
      577,
      2348,
      4684,
      1822,
      2229,
      4155,
      4076,
      2872
    ],
    "trigger_node_indices": {
      "keyword": [
        7971,
        7972,
        7973,
        7974,
        7975,
        7976,
        7977,
        7978,
        7979,
        7980
      ]
    },
    "trigger_edge_types": [
      "('keyword', 'to', 'movie')",
      "('movie', 'rev_to', 'keyword')",
      "('keyword', 'trigger_link', 'keyword')",
      "('keyword', 'rev_trigger_link', 'keyword')"
    ],
    "target_feature_boost": true,
    "target_feature_strength": 4.0,
    "metadata": {
      "node_types": [
        "movie",
        "director",
        "actor",
        "keyword"
      ],
      "edge_types": [
        "('movie', 'to', 'director')",
        "('director', 'to', 'movie')",
        "('movie', '>actorh', 'actor')",
        "('actor', 'to', 'movie')",
        "('movie', 'to', 'keyword')",
        "('keyword', 'to', 'movie')",
        "('director', 'rev_to', 'movie')",
        "('movie', 'rev_to', 'director')",
        "('actor', 'rev_>actorh', 'movie')",
        "('movie', 'rev_to', 'actor')",
        "('keyword', 'rev_to', 'movie')",
        "('movie', 'rev_to', 'keyword')"
      ],
      "target_node_type": "movie",
      "num_classes": 5,
      "trigger_feature_dims": [
        2,
        0,
        1,
        49,
        118,
        25,
        104,
        13,
        29,
        60
      ],
      "target_feature_boost_dims": [
        0,
        1,
        2,
        3,
        4,
        5,
        7,
        8,
        9,
        10
      ],
      "poisoned_nodes": 164,
      "trigger_nodes": 10,
      "trigger_type": "clean_label_hybrid",
      "trigger_mode": "relation",
      "label_flipped": false,
      "target_feature_boost": true,
      "relation_edge_type": "('keyword', 'to', 'movie')"
    }
  },
  "config": {
    "seed": 1,
    "data_dir": "./data",
    "output_dir": "./results_han_cross_dataset_5seeds",
    "save_results": true,
    "device": "cuda",
    "debug": false,
    "verbose": false,
    "dataset": "IMDB",
    "model": "HAN",
    "attack": "clean_label",
    "hidden_dim": 128,
    "num_heads": 4,
    "num_layers": 2,
    "dropout": 0.5,
    "num_bases": 8,
    "epochs": 200,
    "clean_epochs": null,
    "poison_epochs": null,
    "clean_probe_epochs": null,
    "lr": 0.01,
    "weight_decay": 0.0005,
    "patience": 50,
    "poison_save_best": "last",
    "poison_rate": 0.2,
    "trigger_size": 10,
    "target_class": 0,
    "trigger_strength": 3.0,
    "surrogate_epochs": 30,
    "num_inject": 200,
    "relation_mode": "hybrid",
    "target_feature_strength": 4.0,
    "aux_feature_strength": 6.0,
    "no_aux_clique": false,
    "defenses": "none,hr,unlearn",
    "pretrain_epochs": 50,
    "pretrain_lr": 0.005,
    "defense_epochs": 100,
    "defense_lr": 0.005,
    "defense_weight_decay": 0.0001,
    "detection_ratio": 0.2,
    "use_label_signal": false,
    "min_weight": 0.0,
    "max_downweight": 1.0,
    "unlearn_lambda": 1.0,