{
  "dataset": "DBLP",
  "model": "HAN",
  "attack": "cba",
  "seed": 2,
  "target_type": "author",
  "num_classes": 4,
  "target_class": 0,
  "poison_rate": 0.075,
  "trigger_size": 12,
  "attack_metrics": {
    "clean_acc": 0.8427419066429138,
    "backdoored_clean_acc": 0.7822580933570862,
    "clean_acc_drop": 0.06048381328582764,
    "clean_trigger_asr": 0.034682080149650574,
    "clean_trigger_clean_acc": 0.8533333539962769,
    "poisoned_asr": 0.8323699235916138,
    "poisoned_asr_clean_acc": 0.7866666913032532,
    "natural_target_ratio": 0.0,
    "learned_backdoor_gap": 0.7976878434419632,
    "n_poison_nodes": 55,
    "n_trigger_nodes": 12
  },
  "defenses": {
    "none": {
      "defense_clean_acc": 0.7822580933570862,
      "defense_asr": 0.8323699235916138,
      "defense_asr_clean_acc": 0.7866666913032532,
      "natural_target_ratio": 0.0,
      "defense_name": "NoDefense",
      "detection_precision": null,
      "detection_recall": null,
      "detection_f1": null,
      "asr_drop": 0.0,
      "utility_drop": 0.06048381328582764
    },
    "hr": {
      "defense_clean_acc": 0.8346773982048035,
      "defense_asr": 0.10404624044895172,
      "defense_asr_clean_acc": 0.8933333158493042,
      "natural_target_ratio": 0.0,
      "defense_name": "HeteroGuard-HR",
      "train_info": {
        "best_epoch": 13,
        "best_val_acc": 0.8464730978012085,
        "last_loss": 0.023630626499652863,
        "mode": "weighted",
        "hard_removed_train_nodes": 55,
        "use_trigger_unlearning": false
      },
      "detection_precision": 1.0,
      "detection_recall": 1.0,
      "detection_f1": 1.0,
      "suspicious_nodes": 55,
      "hard_removed_train_nodes": 55,
      "asr_drop": 0.728323683142662,
      "utility_drop": 0.008064508438110352
    },
    "unlearn": {
      "defense_clean_acc": 0.8024193644523621,
      "defense_asr": 0.034682080149650574,
      "defense_asr_clean_acc": 0.800000011920929,
      "natural_target_ratio": 0.0,
      "defense_name": "HeteroGuard-Unlearn",
      "train_info": {
        "best_epoch": 18,
        "best_val_acc": 0.7759336233139038,
        "last_loss": 0.05194270983338356,
        "last_clean_loss": 0.03231164067983627,
        "last_unlearn_loss": 0.019106654450297356,
        "last_suppress_loss": 0.0026220660656690598,
        "unlearn_samples": 256,
        "unlearn_lambda": 1.0,
        "target_suppression": 0.2,
        "mode": "weighted_unlearn",
        "hard_removed_train_nodes": 55,
        "use_trigger_unlearning": true
      },
      "detection_precision": 1.0,
      "detection_recall": 1.0,
      "detection_f1": 1.0,
      "suspicious_nodes": 55,
      "hard_removed_train_nodes": 55,
      "use_trigger_unlearning": true,
      "unlearn_lambda": 1.0,
      "unlearn_samples": 256,
      "target_suppression": 0.2,
      "asr_drop": 0.7976878434419632,
      "utility_drop": 0.04032254219055176
    }
  },
  "attacker_info": {
    "attack_name": "cba",
    "target_node_type": "author",
    "target_class": 0,
    "poison_rate": 0.075,
    "trigger_size": 12,
    "poisoned_node_indices": [
      2179,
      390,
      197,
      775,
      768,
      3,
      76,
      2298,
      322,
      63,
      895,
      677,
      2417,
      714,
      397,
      2602,
      2586,
      246,
      1672,
      1891,
      1660,
      19,
      1776,
      441,
      2353,
      1741,
      905,
      1990,
      535,
      2337,
      141,
      36,
      2434,
      1017,
      2068,
      3162,
      1533,
      314,
      20,
      432,
      2472,
      102,
      147,
      1717,
      2935,
      2226,
      1326,
      584,
      1900,
      395,
      744,
      103,
      1714,
      975,
      86
    ],
    "trigger_node_indices": {
      "author": [
        4057,
        4058,
        4059,
        4060,
        4061,
        4062,
        4063,
        4064,
        4065,
        4066,
        4067,
        4068
      ]
    },
    "trigger_edge_types": [
      "('author', 'backdoor', 'author')",
      "('author', 'rev_backdoor', 'author')",
      "('author', 'trigger_link', 'author')",
      "('author', 'rev_trigger_link', 'author')"
    ],
    "target_feature_boost": true,
    "target_feature_strength": 1.5,
    "metadata": {
      "node_types": [
        "author",
        "paper",
        "term",
        "venue"
      ],
      "edge_types": [
        "('author', 'to', 'paper')",
        "('paper', 'to', 'term')",
        "('paper', 'to', 'venue')",
        "('paper', 'to', 'author')",
        "('term', 'to', 'paper')",
        "('venue', 'to', 'paper')",
        "('paper', 'rev_to', 'author')",
        "('term', 'rev_to', 'paper')",
        "('venue', 'rev_to', 'paper')",
        "('author', 'rev_to', 'paper')",
        "('paper', 'rev_to', 'term')",
        "('paper', 'rev_to', 'venue')"
      ],
      "target_node_type": "author",
      "num_classes": 4,
      "trigger_feature_dims": [
        63,
        23,
        321,
        295,
        135,
        222,
        152,
        242,
        64,
        170,
        296,
        88
      ],
      "target_feature_boost_dims": [
        63,
        23,
        321,
        295,
        135,
        222,
        152,
        242,
        64,
        170,
        296,
        88
      ],
      "poisoned_nodes": 55,
      "trigger_nodes": 12,
      "trigger_type": "cba_hybrid",
      "selection": "relation_degree_entropy_topk",
      "use_clique": true,
      "target_feature_boost": true
    }
  },
  "config": {
    "seed": 2,
    "data_dir": "./data",
    "output_dir": "./results_han_cross_dataset_5seeds",
    "save_results": true,
    "device": "cuda",
    "debug": false,
    "verbose": false,
    "dataset": "DBLP",
    "model": "HAN",
    "attack": "cba",
    "hidden_dim": 128,
    "num_heads": 4,
    "num_layers": 2,
    "dropout": 0.5,
    "num_bases": 8,
    "epochs": 200,
    "clean_epochs": null,
    "poison_epochs": null,
    "clean_probe_epochs": null,
    "lr": 0.01,
    "weight_decay": 0.0005,
    "patience": 50,
    "poison_save_best": "last",
    "poison_rate": 0.075,
    "trigger_size": 12,
    "target_class": 0,
    "trigger_strength": 3.0,
    "surrogate_epochs": 30,
    "num_inject": 200,
    "relation_mode": "hybrid",
    "target_feature_strength": 1.5,
    "aux_feature_strength": 3.5,
    "no_aux_clique": false,
    "defenses": "none,hr,unlearn",
    "pretrain_epochs": 50,
    "pretrain_lr": 0.005,
    "defense_epochs": 100,
    "defense_lr": 0.005,
    "defense_weight_decay": 0.0001,
    "detection_ratio": 0.075,
    "use_label_signal": false,
    "min_weight": 0.0,
    "max_downweight": 1.0,
    "unlearn_lambda": 1.0,
    "unlearn_samples": 256,
    "target_suppression": 0.2,
    "include_target_in_unlearning": false
  },
  "runtime_sec": 54.4271445274353
}