{
  "dataset": "IMDB",
  "model": "HAN",
  "attack": "clean_label",
  "seed": 4,
  "target_type": "movie",
  "num_classes": 5,
  "target_class": 0,
  "poison_rate": 0.2,
  "trigger_size": 10,
  "attack_metrics": {
    "clean_acc": 0.4316546618938446,
    "backdoored_clean_acc": 0.43525180220603943,
    "clean_acc_drop": -0.0035971403121948242,
    "clean_trigger_asr": 0.20499999821186066,
    "clean_trigger_clean_acc": 0.3333333432674408,
    "poisoned_asr": 0.9950000047683716,
    "poisoned_asr_clean_acc": 0.3589743673801422,
    "natural_target_ratio": 0.0,
    "learned_backdoor_gap": 0.7900000065565109,
    "n_poison_nodes": 164,
    "n_trigger_nodes": 10
  },
  "defenses": {
    "none": {
      "defense_clean_acc": 0.43525180220603943,
      "defense_asr": 0.9950000047683716,
      "defense_asr_clean_acc": 0.3589743673801422,
      "natural_target_ratio": 0.0,
      "defense_name": "NoDefense",
      "detection_precision": null,
      "detection_recall": null,
      "detection_f1": null,
      "asr_drop": 0.0,
      "utility_drop": -0.0035971403121948242
    },
    "hr": {
      "defense_clean_acc": 0.4424460530281067,
      "defense_asr": 0.0,
      "defense_asr_clean_acc": 0.05128205195069313,
      "natural_target_ratio": 0.0,
      "defense_name": "HeteroGuard-HR",
      "train_info": {
        "best_epoch": 11,
        "best_val_acc": 0.4632352888584137,
        "last_loss": 0.1507289856672287,
        "mode": "weighted",
        "hard_removed_train_nodes": 164,
        "use_trigger_unlearning": false
      },
      "detection_precision": 1.0,
      "detection_recall": 1.0,
      "detection_f1": 1.0,
      "suspicious_nodes": 164,
      "hard_removed_train_nodes": 164,
      "asr_drop": 0.9950000047683716,
      "utility_drop": -0.010791391134262085
    },
    "unlearn": {
      "defense_clean_acc": 0.3525179922580719,
      "defense_asr": 0.07000000029802322,
      "defense_asr_clean_acc": 0.1666666716337204,
      "natural_target_ratio": 0.0,
      "defense_name": "HeteroGuard-Unlearn",
      "train_info": {
        "best_epoch": 61,
        "best_val_acc": 0.4522058963775635,
        "last_loss": 0.029712706804275513,
        "last_clean_loss": 0.010801856406033039,
        "last_unlearn_loss": 0.01876872032880783,
        "last_suppress_loss": 0.0007106578559614718,
        "unlearn_samples": 256,
        "unlearn_lambda": 1.0,
        "target_suppression": 0.2,
        "mode": "weighted_unlearn",
        "hard_removed_train_nodes": 164,
        "use_trigger_unlearning": true
      },
      "detection_precision": 1.0,
      "detection_recall": 1.0,
      "detection_f1": 1.0,
      "suspicious_nodes": 164,
      "hard_removed_train_nodes": 164,
      "use_trigger_unlearning": true,
      "unlearn_lambda": 1.0,
      "unlearn_samples": 256,
      "target_suppression": 0.2,
      "asr_drop": 0.9250000044703484,
      "utility_drop": 0.0791366696357727
    }
  },
  "attacker_info": {
    "attack_name": "clean_label",
    "target_node_type": "movie",
    "target_class": 0,
    "poison_rate": 0.2,
    "trigger_size": 10,
    "poisoned_node_indices": [
      2246,
      1388,
      1585,
      1775,
      2473,
      1328,
      2910,
      4472,
      2720,
      4532,
      3666,
      3099,
      3443,
      4316,
      453,
      3010,
      1219,
      4076,
      3080,
      4324,
      4100,
      1768,
      1506,
      2726,
      3258,
      4916,
      3238,
      4911,
      873,
      2637,
      2724,
      275,
      2193,
      715,
      1276,
      2644,
      1927,
      1890,
      4684,
      4155,
      1129,
      4361,
      3518,
      1666,
      784,
      4824,
      4058,
      3173,
      2554,
      819,
      2824,
      332,
      3213,
      3866,
      4907,
      4537,
      2849,
      4116,
      3306,
      2843,
      2609,
      1082,
      4182,
      3119,
      2590,
      281,
      2934,
      540,
      2971,
      3104,
      3348,
      985,
      920,
      4393,
      1193,
      2916,
      2272,
      3977,
      3452,
      808,
      399,
      4176,
      3024,
      3123,
      3199,
      2093,
      4497,
      4521,
      4925,
      4167,
      1611,
      3382,
      2872,
      1189,
      3261,
      1491,
      2139,
      4291,
      1744,
      1928,
      1205,
      1852,
      1830,
      1764,
      898,
      1078,
      805,
      4632,
      1410,
      2368,
      84,
      1093,
      3551,
      4702,
      4561,
      915,
      2740,
      4212,
      2229,
      2348,
      2610,
      1038,
      525,
      3477,
      2134,
      1308,
      1908,
      1751,
      6,
      3711,
      2143,
      3475,
      4386,
      1988,
      4453,
      1827,
      2990,
      1298,
      1822,
      3037,
      3385,
      745,
      3973,
      3356,
      2136,
      3719,
      1739,
      1979,
      1036,
      3130,
      2899,
      2511,
      2951,
      2442,
      421,
      4888,
      1077,
      4742,
      1986,
      1912,
      3381,
      1168,
      1109,
      865
    ],
    "trigger_node_indices": {
      "keyword": [
        7971,
        7972,
        7973,
        7974,
        7975,
        7976,
        7977,
        7978,
        7979,
        7980
      ]
    },
    "trigger_edge_types": [
      "('keyword', 'to', 'movie')",
      "('movie', 'rev_to', 'keyword')",
      "('keyword', 'trigger_link', 'keyword')",
      "('keyword', 'rev_trigger_link', 'keyword')"
    ],
    "target_feature_boost": true,
    "target_feature_strength": 4.0,
    "metadata": {
      "node_types": [
        "movie",
        "director",
        "actor",
        "keyword"
      ],
      "edge_types": [
        "('movie', 'to', 'director')",
        "('director', 'to', 'movie')",
        "('movie', '>actorh', 'actor')",
        "('actor', 'to', 'movie')",
        "('movie', 'to', 'keyword')",
        "('keyword', 'to', 'movie')",
        "('director', 'rev_to', 'movie')",
        "('movie', 'rev_to', 'director')",
        "('actor', 'rev_>actorh', 'movie')",
        "('movie', 'rev_to', 'actor')",
        "('keyword', 'rev_to', 'movie')",
        "('movie', 'rev_to', 'keyword')"
      ],
      "target_node_type": "movie",
      "num_classes": 5,
      "trigger_feature_dims": [
        2,
        0,
        1,
        49,
        118,
        25,
        104,
        13,
        29,
        60
      ],
      "target_feature_boost_dims": [
        0,
        1,
        2,
        3,
        4,
        5,
        7,
        8,
        9,
        10
      ],
      "poisoned_nodes": 164,
      "trigger_nodes": 10,
      "trigger_type": "clean_label_hybrid",
      "trigger_mode": "relation",
      "label_flipped": false,
      "target_feature_boost": true,
      "relation_edge_type": "('keyword', 'to', 'movie')"
    }
  },
  "config": {
    "seed": 4,
    "data_dir": "./data",
    "output_dir": "./results_han_cross_dataset_5seeds",
    "save_results": true,
    "device": "cuda",
    "debug": false,
    "verbose": false,
    "dataset": "IMDB",
    "model": "HAN",
    "attack": "clean_label",
    "hidden_dim": 128,
    "num_heads": 4,
    "num_layers": 2,
    "dropout": 0.5,
    "num_bases": 8,
    "epochs": 200,
    "clean_epochs": null,
    "poison_epochs": null,
    "clean_probe_epochs": null,
    "lr": 0.01,
    "weight_decay": 0.0005,
    "patience": 50,
    "poison_save_best": "last",
    "poison_rate": 0.2,
    "trigger_size": 10,
    "target_class": 0,
    "trigger_strength": 3.0,
    "surrogate_epochs": 30,
    "num_inject": 200,
    "relation_mode": "hybrid",
    "target_feature_strength": 4.0,
    "aux_feature_strength": 6.0,
    "no_aux_clique": false,
    "defenses": "none,hr,unlearn",
    "pretrain_epochs": 50,
    "pretrain_lr": 0.005,
    "defense_epochs": 100,
    "defense_lr": 0.005,
    "defense_weight_decay": 0.0001,
    "detection_ratio": 0.2,
    "use_label_signal": false,
    "min_weight": 0.0,
    "max_downweight": 1.0,
    "unlearn_lambda": 1.0,