{
  "dataset": "Freebase",
  "model": "HAN",
  "attack": "cba",
  "seed": 2,
  "target_type": "book",
  "num_classes": 7,
  "target_class": 0,
  "poison_rate": 0.075,
  "trigger_size": 12,
  "attack_metrics": {
    "clean_acc": 0.4876033067703247,
    "backdoored_clean_acc": 0.5144628286361694,
    "clean_acc_drop": -0.026859521865844727,
    "clean_trigger_asr": 0.009999999776482582,
    "clean_trigger_clean_acc": 0.5316901206970215,
    "poisoned_asr": 0.12999999523162842,
    "poisoned_asr_clean_acc": 0.47887325286865234,
    "natural_target_ratio": 0.0,
    "learned_backdoor_gap": 0.11999999545514584,
    "n_poison_nodes": 107,
    "n_trigger_nodes": 12
  },
  "defenses": {
    "none": {
      "defense_clean_acc": 0.5144628286361694,
      "defense_asr": 0.12999999523162842,
      "defense_asr_clean_acc": 0.47887325286865234,
      "natural_target_ratio": 0.0,
      "defense_name": "NoDefense",
      "detection_precision": null,
      "detection_recall": null,
      "detection_f1": null,
      "asr_drop": 0.0,
      "utility_drop": -0.026859521865844727
    },
    "hr": {
      "defense_clean_acc": 0.4524793326854706,
      "defense_asr": 0.0,
      "defense_asr_clean_acc": 0.4154929518699646,
      "natural_target_ratio": 0.0,
      "defense_name": "HeteroGuard-HR",
      "train_info": {
        "best_epoch": 66,
        "best_val_acc": 0.5295358300209045,
        "last_loss": 1.2313460111618042,
        "mode": "weighted",
        "hard_removed_train_nodes": 107,
        "use_trigger_unlearning": false
      },
      "detection_precision": 1.0,
      "detection_recall": 1.0,
      "detection_f1": 1.0,
      "suspicious_nodes": 107,
      "hard_removed_train_nodes": 107,
      "asr_drop": 0.12999999523162842,
      "utility_drop": 0.035123974084854126
    },
    "unlearn": {
      "defense_clean_acc": 0.49793389439582825,
      "defense_asr": 0.0,
      "defense_asr_clean_acc": 0.47183099389076233,
      "natural_target_ratio": 0.0,
      "defense_name": "HeteroGuard-Unlearn",
      "train_info": {
        "best_epoch": 67,
        "best_val_acc": 0.5590717196464539,
        "last_loss": 2.1603403091430664,
        "last_clean_loss": 1.2175016403198242,
        "last_unlearn_loss": 0.9384448528289795,
        "last_suppress_loss": 0.021969007328152657,
        "unlearn_samples": 256,
        "unlearn_lambda": 1.0,
        "target_suppression": 0.2,
        "mode": "weighted_unlearn",
        "hard_removed_train_nodes": 107,
        "use_trigger_unlearning": true
      },
      "detection_precision": 1.0,
      "detection_recall": 1.0,
      "detection_f1": 1.0,
      "suspicious_nodes": 107,
      "hard_removed_train_nodes": 107,
      "use_trigger_unlearning": true,
      "unlearn_lambda": 1.0,
      "unlearn_samples": 256,
      "target_suppression": 0.2,
      "asr_drop": 0.12999999523162842,
      "utility_drop": -0.01033058762550354
    }
  },
  "attacker_info": {
    "attack_name": "cba",
    "target_node_type": "book",
    "target_class": 0,
    "poison_rate": 0.075,
    "trigger_size": 12,
    "poisoned_node_indices": [
      8395,
      8341,
      16722,
      5237,
      23576,
      5065,
      6820,
      5934,
      29845,
      26787,
      3375,
      773,
      25609,
      13669,
      9425,
      38433,
      38863,
      449,
      14593,
      15798,
      685,
      7923,
      39883,
      5798,
      18308,
      31426,
      16028,
      15225,
      3581,
      174,
      36969,
      4654,
      3566,
      37345,
      23666,
      120,
      21099,
      23359,
      95,
      418,
      9536,
      11432,
      27899,
      3821,
      28347,
      21248,
      24834,
      25203,
      977,
      3116,
      666,
      3385,
      5758,
      943,
      35528,
      2812,
      1753,
      36993,
      16001,
      32442,
      24271,
      7381,
      15687,
      26200,
      204,
      27366,
      20051,
      4123,
      1094,
      70,
      18222,
      3279,
      1156,
      17058,
      2491,
      1098,
      24499,
      2759,
      4966,
      15307,
      27350,
      3365,
      11843,
      332,
      2640,
      6846,
      16765,
      3969,
      12474,
      845,
      11897,
      37568,
      9893,
      15862,
      35526,
      17020,
      9538,
      5777,
      8295,
      15450,
      6002,
      16957,
      7651,
      4790,
      17627,
      4998,
      35736
    ],
    "trigger_node_indices": {
      "book": [
        40402,
        40403,
        40404,
        40405,
        40406,
        40407,
        40408,
        40409,
        40410,
        40411,
        40412,
        40413
      ]
    },
    "trigger_edge_types": [
      "('book', 'backdoor', 'book')",
      "('book', 'rev_backdoor', 'book')",
      "('book', 'trigger_link', 'book')",
      "('book', 'rev_trigger_link', 'book')"
    ],
    "target_feature_boost": true,
    "target_feature_strength": 1.5,
    "metadata": {
      "node_types": [
        "book",
        "film",
        "music",
        "sports",
        "people",
        "location",
        "organization",
        "business"
      ],