{
  "dataset": "Freebase",
  "model": "HAN",
  "attack": "clean_label",
  "seed": 2,
  "target_type": "book",
  "num_classes": 7,
  "target_class": 0,
  "poison_rate": 0.2,
  "trigger_size": 10,
  "attack_metrics": {
    "clean_acc": 0.4876033067703247,
    "backdoored_clean_acc": 0.4400826394557953,
    "clean_acc_drop": 0.04752066731452942,
    "clean_trigger_asr": 0.0,
    "clean_trigger_clean_acc": 0.5070422291755676,
    "poisoned_asr": 0.6899999976158142,
    "poisoned_asr_clean_acc": 0.40140846371650696,
    "natural_target_ratio": 0.0,
    "learned_backdoor_gap": 0.6899999976158142,
    "n_poison_nodes": 82,
    "n_trigger_nodes": 10
  },
  "defenses": {
    "none": {
      "defense_clean_acc": 0.4400826394557953,
      "defense_asr": 0.6899999976158142,
      "defense_asr_clean_acc": 0.40140846371650696,
      "natural_target_ratio": 0.0,
      "defense_name": "NoDefense",
      "detection_precision": null,
      "detection_recall": null,
      "detection_f1": null,
      "asr_drop": 0.0,
      "utility_drop": 0.04752066731452942
    },
    "hr": {
      "defense_clean_acc": 0.4545454680919647,
      "defense_asr": 0.0,
      "defense_asr_clean_acc": 0.4119718372821808,
      "natural_target_ratio": 0.0,
      "defense_name": "HeteroGuard-HR",
      "train_info": {
        "best_epoch": 66,
        "best_val_acc": 0.5232067108154297,
        "last_loss": 1.1944146156311035,
        "mode": "weighted",
        "hard_removed_train_nodes": 286,
        "use_trigger_unlearning": false
      },
      "detection_precision": 0.2867132867132867,
      "detection_recall": 1.0,
      "detection_f1": 0.4456521739130435,
      "suspicious_nodes": 286,
      "hard_removed_train_nodes": 286,
      "asr_drop": 0.6899999976158142,
      "utility_drop": 0.033057838678359985
    },
    "unlearn": {
      "defense_clean_acc": 0.45041322708129883,
      "defense_asr": 0.0,
      "defense_asr_clean_acc": 0.39788731932640076,
      "natural_target_ratio": 0.0,
      "defense_name": "HeteroGuard-Unlearn",
      "train_info": {
        "best_epoch": 50,
        "best_val_acc": 0.5274261236190796,
        "last_loss": 2.283801794052124,
        "last_clean_loss": 1.274475336074829,
        "last_unlearn_loss": 1.0066564083099365,
        "last_suppress_loss": 0.013349891640245914,
        "unlearn_samples": 256,
        "unlearn_lambda": 1.0,
        "target_suppression": 0.2,
        "mode": "weighted_unlearn",
        "hard_removed_train_nodes": 286,
        "use_trigger_unlearning": true
      },
      "detection_precision": 0.2867132867132867,
      "detection_recall": 1.0,
      "detection_f1": 0.4456521739130435,
      "suspicious_nodes": 286,
      "hard_removed_train_nodes": 286,
      "use_trigger_unlearning": true,
      "unlearn_lambda": 1.0,
      "unlearn_samples": 256,
      "target_suppression": 0.2,
      "asr_drop": 0.6899999976158142,
      "utility_drop": 0.03719007968902588
    }
  },
  "attacker_info": {
    "attack_name": "clean_label",
    "target_node_type": "book",
    "target_class": 0,
    "poison_rate": 0.2,
    "trigger_size": 10,
    "poisoned_node_indices": [
      24220,
      27435,
      34562,
      6789,
      27396,
      27085,
      36146,
      29946,
      33418,
      21568,
      32357,
      21833,
      39791,
      16877,
      7003,
      6008,
      34115,
      30621,
      28352,
      25850,
      35785,
      4614,
      25949,
      12383,
      37599,
      6614,
      33105,
      34356,
      33172,
      20047,
      36187,
      34160,
      38730,
      36577,
      37695,
      34521,
      16776,
      33705,
      20248,
      21602,
      10937,
      9940,
      39461,
      29474,
      33466,
      27005,
      35093,
      37363,
      20131,
      12580,
      34628,
      31294,
      16316,
      27033,
      23818,
      25786,
      23290,
      19838,
      29837,
      17037,
      22686,
      13472,
      32072,
      13305,
      23046,
      26250,
      4600,
      17613,
      16342,
      32585,
      19293,
      5512,
      36016,
      27214,
      38883,
      36433,
      30056,
      36283,
      37710,
      26427,
      3601,
      36769
    ],
    "trigger_node_indices": {
      "film": [
        19427,
        19428,
        19429,
        19430,
        19431,
        19432,
        19433,
        19434,
        19435,
        19436
      ]
    },
    "trigger_edge_types": [
      "('film', 'rev_to', 'book')",
      "('book', 'to', 'film')",
      "('film', 'trigger_link', 'film')",
      "('film', 'rev_trigger_link', 'film')"
    ],
    "target_feature_boost": true,
    "target_feature_strength": 4.0,
    "metadata": {
      "node_types": [
        "book",
        "film",
        "music",
        "sports",
        "people",
        "location",
        "organization",
        "business"
      ],
      "edge_types": [
        "('book', 'and', 'book')",
        "('book', 'to', 'film')",
        "('book', 'on', 'sports')",
        "('book', 'on', 'location')",
        "('book', 'about', 'organization')",
        "('film', 'and', 'film')",
        "('music', 'in', 'book')",
        "('music', 'in', 'film')",
        "('music', 'and', 'music')",
        "('music', 'for', 'sports')",
        "('music', 'on', 'location')",
        "('sports', 'in', 'film')",
        "('sports', 'and', 'sports')",
        "('sports', 'on', 'location')",
        "('people', 'to', 'book')",
        "('people', 'to', 'film')",
        "('people', 'to', 'music')",
        "('people', 'to', 'sports')",
        "('people', 'and', 'people')",
        "('people', 'on', 'location')",
        "('people', 'in', 'organization')",
        "('people', 'in', 'business')",
        "('location', 'in', 'film')",
        "('location', 'and', 'location')",
        "('organization', 'in', 'film')",
        "('organization', 'to', 'music')",
        "('organization', 'to', 'sports')",
        "('organization', 'on', 'location')",
        "('organization', 'and', 'organization')",
        "('organization', 'for', 'business')",
        "('business', 'about', 'book')",
        "('business', 'about', 'film')",
        "('business', 'about', 'music')",
        "('business', 'about', 'sports')",
        "('business', 'on', 'location')",
        "('business', 'and', 'business')",
        "('book', 'rev_and', 'book')",
        "('film', 'rev_to', 'book')",
        "('sports', 'rev_on', 'book')",
        "('location', 'rev_on', 'book')",
        "('organization', 'rev_about', 'book')",
        "('film', 'rev_and', 'film')",
        "('book', 'rev_in', 'music')",
        "('film', 'rev_in', 'music')",
        "('music', 'rev_and', 'music')",
        "('sports', 'rev_for', 'music')",
        "('location', 'rev_on', 'music')",
        "('film', 'rev_in', 'sports')",
        "('sports', 'rev_and', 'sports')",
        "('location', 'rev_on', 'sports')",
        "('book', 'rev_to', 'people')",
        "('film', 'rev_to', 'people')",
        "('music', 'rev_to', 'people')",
        "('sports', 'rev_to', 'people')",
        "('people', 'rev_and', 'people')",
        "('location', 'rev_on', 'people')",
        "('organization', 'rev_in', 'people')",
        "('business', 'rev_in', 'people')",
        "('film', 'rev_in', 'location')",
        "('location', 'rev_and', 'location')",
        "('film', 'rev_in', 'organization')",
        "('music', 'rev_to', 'organization')",
        "('sports', 'rev_to', 'organization')",
        "('location', 'rev_on', 'organization')",
        "('organization', 'rev_and', 'organization')",
        "('business', 'rev_for', 'organization')",
        "('book', 'rev_about', 'business')",
        "('film', 'rev_about', 'business')",
        "('music', 'rev_about', 'business')",
        "('sports', 'rev_about', 'business')",
        "('location', 'rev_on', 'business')",
        "('business', 'rev_and', 'business')"
      ],
      "target_node_type": "book",
      "num_classes": 7,