{
  "dataset": "Freebase",
  "model": "HAN",
  "attack": "clean_label",
  "seed": 5,
  "target_type": "book",
  "num_classes": 7,
  "target_class": 0,
  "poison_rate": 0.2,
  "trigger_size": 10,
  "attack_metrics": {
    "clean_acc": 0.5516529083251953,
    "backdoored_clean_acc": 0.47314050793647766,
    "clean_acc_drop": 0.07851240038871765,
    "clean_trigger_asr": 0.0,
    "clean_trigger_clean_acc": 0.4507042169570923,
    "poisoned_asr": 0.9549999833106995,
    "poisoned_asr_clean_acc": 0.44014084339141846,
    "natural_target_ratio": 0.0,
    "learned_backdoor_gap": 0.9549999833106995,
    "n_poison_nodes": 82,
    "n_trigger_nodes": 10
  },
  "defenses": {
    "none": {
      "defense_clean_acc": 0.47314050793647766,
      "defense_asr": 0.9549999833106995,
      "defense_asr_clean_acc": 0.44014084339141846,
      "natural_target_ratio": 0.0,
      "defense_name": "NoDefense",
      "detection_precision": null,
      "detection_recall": null,
      "detection_f1": null,
      "asr_drop": 0.0,
      "utility_drop": 0.07851240038871765
    },
    "hr": {
      "defense_clean_acc": 0.4400826394557953,
      "defense_asr": 0.0,
      "defense_asr_clean_acc": 0.40140846371650696,
      "natural_target_ratio": 0.0,
      "defense_name": "HeteroGuard-HR",
      "train_info": {
        "best_epoch": 95,
        "best_val_acc": 0.5253164172172546,
        "last_loss": 1.1726653575897217,
        "mode": "weighted",
        "hard_removed_train_nodes": 286,
        "use_trigger_unlearning": false
      },
      "detection_precision": 0.2867132867132867,
      "detection_recall": 1.0,
      "detection_f1": 0.4456521739130435,
      "suspicious_nodes": 286,
      "hard_removed_train_nodes": 286,
      "asr_drop": 0.9549999833106995,
      "utility_drop": 0.11157026886940002
    },
    "unlearn": {
      "defense_clean_acc": 0.4586776793003082,
      "defense_asr": 0.0,
      "defense_asr_clean_acc": 0.43661972880363464,
      "natural_target_ratio": 0.0,
      "defense_name": "HeteroGuard-Unlearn",
      "train_info": {
        "best_epoch": 48,
        "best_val_acc": 0.5189872980117798,
        "last_loss": 2.210618734359741,
        "last_clean_loss": 1.1939163208007812,
        "last_unlearn_loss": 1.0138542652130127,
        "last_suppress_loss": 0.01424050610512495,
        "unlearn_samples": 256,
        "unlearn_lambda": 1.0,
        "target_suppression": 0.2,
        "mode": "weighted_unlearn",
        "hard_removed_train_nodes": 286,
        "use_trigger_unlearning": true
      },
      "detection_precision": 0.2867132867132867,
      "detection_recall": 1.0,
      "detection_f1": 0.4456521739130435,
      "suspicious_nodes": 286,
      "hard_removed_train_nodes": 286,
      "use_trigger_unlearning": true,
      "unlearn_lambda": 1.0,
      "unlearn_samples": 256,
      "target_suppression": 0.2,
      "asr_drop": 0.9549999833106995,
      "utility_drop": 0.09297522902488708
    }
  },
  "attacker_info": {
    "attack_name": "clean_label",
    "target_node_type": "book",
    "target_class": 0,
    "poison_rate": 0.2,
    "trigger_size": 10,
    "poisoned_node_indices": [
      32072,
      30621,
      4600,
      17037,
      6789,
      13472,
      35785,
      16342,
      33105,
      33705,
      35093,
      6614,
      20131,
      21833,
      36577,
      20248,
      17613,
      16877,
      25786,
      34115,
      34562,
      13305,
      25850,
      4614,
      22686,
      27214,
      36187,
      37695,
      33466,
      34356,
      9940,
      23290,
      36016,
      31294,
      39461,
      38730,
      7003,
      3601,
      27033,
      30056,
      33418,
      10937,
      12580,
      21602,
      6008,
      34628,
      37599,
      16776,
      32357,
      36146,
      23818,
      25949,
      26427,
      29474,
      26250,
      16316,
      19293,
      32585,
      27005,
      33172,
      24220,
      36769,
      39791,
      27435,
      27085,
      5512,
      23046,
      27396,
      36283,
      34160,
      20047,
      21568,
      38883,
      37363,
      37710,
      12383,
      29946,
      19838,
      34521,
      29837,
      28352,
      36433
    ],
    "trigger_node_indices": {
      "film": [
        19427,
        19428,
        19429,
        19430,
        19431,
        19432,
        19433,
        19434,
        19435,
        19436
      ]
    },
    "trigger_edge_types": [
      "('film', 'rev_to', 'book')",
      "('book', 'to', 'film')",
      "('film', 'trigger_link', 'film')",
      "('film', 'rev_trigger_link', 'film')"
    ],
    "target_feature_boost": true,
    "target_feature_strength": 4.0,
    "metadata": {
      "node_types": [
        "book",
        "film",
        "music",
        "sports",
        "people",
        "location",
        "organization",
        "business"
      ],
      "edge_types": [
        "('book', 'and', 'book')",
        "('book', 'to', 'film')",
        "('book', 'on', 'sports')",
        "('book', 'on', 'location')",
        "('book', 'about', 'organization')",
        "('film', 'and', 'film')",
        "('music', 'in', 'book')",
        "('music', 'in', 'film')",
        "('music', 'and', 'music')",
        "('music', 'for', 'sports')",
        "('music', 'on', 'location')",
        "('sports', 'in', 'film')",
        "('sports', 'and', 'sports')",
        "('sports', 'on', 'location')",
        "('people', 'to', 'book')",
        "('people', 'to', 'film')",
        "('people', 'to', 'music')",
        "('people', 'to', 'sports')",
        "('people', 'and', 'people')",
        "('people', 'on', 'location')",
        "('people', 'in', 'organization')",
        "('people', 'in', 'business')",
        "('location', 'in', 'film')",
        "('location', 'and', 'location')",
        "('organization', 'in', 'film')",
        "('organization', 'to', 'music')",
        "('organization', 'to', 'sports')",
        "('organization', 'on', 'location')",
        "('organization', 'and', 'organization')",
        "('organization', 'for', 'business')",
        "('business', 'about', 'book')",
        "('business', 'about', 'film')",
        "('business', 'about', 'music')",
        "('business', 'about', 'sports')",
        "('business', 'on', 'location')",
        "('business', 'and', 'business')",
        "('book', 'rev_and', 'book')",
        "('film', 'rev_to', 'book')",
        "('sports', 'rev_on', 'book')",
        "('location', 'rev_on', 'book')",
        "('organization', 'rev_about', 'book')",
        "('film', 'rev_and', 'film')",
        "('book', 'rev_in', 'music')",
        "('film', 'rev_in', 'music')",
        "('music', 'rev_and', 'music')",
        "('sports', 'rev_for', 'music')",
        "('location', 'rev_on', 'music')",
        "('film', 'rev_in', 'sports')",
        "('sports', 'rev_and', 'sports')",
        "('location', 'rev_on', 'sports')",
        "('book', 'rev_to', 'people')",
        "('film', 'rev_to', 'people')",
        "('music', 'rev_to', 'people')",
        "('sports', 'rev_to', 'people')",
        "('people', 'rev_and', 'people')",
        "('location', 'rev_on', 'people')",
        "('organization', 'rev_in', 'people')",
        "('business', 'rev_in', 'people')",
        "('film', 'rev_in', 'location')",
        "('location', 'rev_and', 'location')",
        "('film', 'rev_in', 'organization')",
        "('music', 'rev_to', 'organization')",
        "('sports', 'rev_to', 'organization')",
        "('location', 'rev_on', 'organization')",
        "('organization', 'rev_and', 'organization')",
        "('business', 'rev_for', 'organization')",
        "('book', 'rev_about', 'business')",
        "('film', 'rev_about', 'business')",
        "('music', 'rev_about', 'business')",
        "('sports', 'rev_about', 'business')",
        "('location', 'rev_on', 'business')",
        "('business', 'rev_and', 'business')"
      ],
      "target_node_type": "book",
      "num_classes": 7,