{
  "dataset": "Freebase",
  "model": "HAN",
  "attack": "clean_label",
  "seed": 1,
  "target_type": "book",
  "num_classes": 7,
  "target_class": 0,
  "poison_rate": 0.2,
  "trigger_size": 10,
  "attack_metrics": {
    "clean_acc": 0.4524793326854706,
    "backdoored_clean_acc": 0.4483471214771271,
    "clean_acc_drop": 0.004132211208343506,
    "clean_trigger_asr": 0.004999999888241291,
    "clean_trigger_clean_acc": 0.47887325286865234,
    "poisoned_asr": 0.45500001311302185,
    "poisoned_asr_clean_acc": 0.4260563254356384,
    "natural_target_ratio": 0.0,
    "learned_backdoor_gap": 0.45000001322478056,
    "n_poison_nodes": 82,
    "n_trigger_nodes": 10
  },
  "defenses": {
    "none": {
      "defense_clean_acc": 0.4483471214771271,
      "defense_asr": 0.45500001311302185,
      "defense_asr_clean_acc": 0.4260563254356384,
      "natural_target_ratio": 0.0,
      "defense_name": "NoDefense",
      "detection_precision": null,
      "detection_recall": null,
      "detection_f1": null,
      "asr_drop": 0.0,
      "utility_drop": 0.004132211208343506
    },
    "hr": {
      "defense_clean_acc": 0.47314050793647766,
      "defense_asr": 0.0,
      "defense_asr_clean_acc": 0.4612676203250885,
      "natural_target_ratio": 0.0,
      "defense_name": "HeteroGuard-HR",
      "train_info": {
        "best_epoch": 56,
        "best_val_acc": 0.5232067108154297,
        "last_loss": 1.1788216829299927,
        "mode": "weighted",
        "hard_removed_train_nodes": 286,
        "use_trigger_unlearning": false
      },
      "detection_precision": 0.2867132867132867,
      "detection_recall": 1.0,
      "detection_f1": 0.4456521739130435,
      "suspicious_nodes": 286,
      "hard_removed_train_nodes": 286,
      "asr_drop": 0.45500001311302185,
      "utility_drop": -0.02066117525100708
    },
    "unlearn": {
      "defense_clean_acc": 0.47727271914482117,
      "defense_asr": 0.0,
      "defense_asr_clean_acc": 0.48239436745643616,
      "natural_target_ratio": 0.0,
      "defense_name": "HeteroGuard-Unlearn",
      "train_info": {
        "best_epoch": 94,
        "best_val_acc": 0.5316455364227295,
        "last_loss": 2.1561362743377686,
        "last_clean_loss": 1.2016674280166626,
        "last_unlearn_loss": 0.9520580172538757,
        "last_suppress_loss": 0.0120545057579875,
        "unlearn_samples": 256,
        "unlearn_lambda": 1.0,
        "target_suppression": 0.2,
        "mode": "weighted_unlearn",
        "hard_removed_train_nodes": 286,
        "use_trigger_unlearning": true
      },
      "detection_precision": 0.2867132867132867,
      "detection_recall": 1.0,
      "detection_f1": 0.4456521739130435,
      "suspicious_nodes": 286,
      "hard_removed_train_nodes": 286,
      "use_trigger_unlearning": true,
      "unlearn_lambda": 1.0,
      "unlearn_samples": 256,
      "target_suppression": 0.2,
      "asr_drop": 0.45500001311302185,
      "utility_drop": -0.024793386459350586
    }
  },
  "attacker_info": {
    "attack_name": "clean_label",
    "target_node_type": "book",
    "target_class": 0,
    "poison_rate": 0.2,
    "trigger_size": 10,
    "poisoned_node_indices": [
      19838,
      6789,
      29837,
      32585,
      20131,
      27033,
      10937,
      30056,
      27435,
      34115,
      35785,
      27396,
      27005,
      23290,
      16342,
      20248,
      16776,
      33705,
      36146,
      34521,
      22686,
      12383,
      7003,
      28352,
      6614,
      23818,
      32357,
      6008,
      34562,
      21833,
      17037,
      37599,
      36187,
      39791,
      4600,
      17613,
      33466,
      9940,
      38730,
      4614,
      26427,
      35093,
      36016,
      21568,
      30621,
      16877,
      34628,
      36433,
      32072,
      25850,
      13305,
      16316,
      39461,
      3601,
      19293,
      29946,
      37710,
      37695,
      12580,
      21602,
      36283,
      27214,
      25786,
      38883,
      29474,
      34160,
      27085,
      24220,
      13472,
      23046,
      33172,
      5512,
      36577,
      25949,
      31294,
      26250,
      36769,
      34356,
      33105,
      20047,
      33418,
      37363
    ],
    "trigger_node_indices": {
      "film": [
        19427,
        19428,
        19429,
        19430,
        19431,
        19432,
        19433,
        19434,
        19435,
        19436
      ]
    },
    "trigger_edge_types": [
      "('film', 'rev_to', 'book')",
      "('book', 'to', 'film')",
      "('film', 'trigger_link', 'film')",
      "('film', 'rev_trigger_link', 'film')"
    ],
    "target_feature_boost": true,
    "target_feature_strength": 4.0,
    "metadata": {
      "node_types": [
        "book",
        "film",
        "music",
        "sports",
        "people",
        "location",
        "organization",
        "business"
      ],
      "edge_types": [
        "('book', 'and', 'book')",
        "('book', 'to', 'film')",
        "('book', 'on', 'sports')",
        "('book', 'on', 'location')",
        "('book', 'about', 'organization')",
        "('film', 'and', 'film')",
        "('music', 'in', 'book')",
        "('music', 'in', 'film')",
        "('music', 'and', 'music')",
        "('music', 'for', 'sports')",
        "('music', 'on', 'location')",
        "('sports', 'in', 'film')",
        "('sports', 'and', 'sports')",
        "('sports', 'on', 'location')",
        "('people', 'to', 'book')",
        "('people', 'to', 'film')",
        "('people', 'to', 'music')",
        "('people', 'to', 'sports')",
        "('people', 'and', 'people')",
        "('people', 'on', 'location')",
        "('people', 'in', 'organization')",
        "('people', 'in', 'business')",
        "('location', 'in', 'film')",
        "('location', 'and', 'location')",
        "('organization', 'in', 'film')",
        "('organization', 'to', 'music')",
        "('organization', 'to', 'sports')",
        "('organization', 'on', 'location')",
        "('organization', 'and', 'organization')",
        "('organization', 'for', 'business')",
        "('business', 'about', 'book')",
        "('business', 'about', 'film')",
        "('business', 'about', 'music')",
        "('business', 'about', 'sports')",
        "('business', 'on', 'location')",
        "('business', 'and', 'business')",
        "('book', 'rev_and', 'book')",
        "('film', 'rev_to', 'book')",
        "('sports', 'rev_on', 'book')",
        "('location', 'rev_on', 'book')",
        "('organization', 'rev_about', 'book')",
        "('film', 'rev_and', 'film')",
        "('book', 'rev_in', 'music')",
        "('film', 'rev_in', 'music')",
        "('music', 'rev_and', 'music')",
        "('sports', 'rev_for', 'music')",
        "('location', 'rev_on', 'music')",
        "('film', 'rev_in', 'sports')",
        "('sports', 'rev_and', 'sports')",
        "('location', 'rev_on', 'sports')",
        "('book', 'rev_to', 'people')",
        "('film', 'rev_to', 'people')",
        "('music', 'rev_to', 'people')",
        "('sports', 'rev_to', 'people')",
        "('people', 'rev_and', 'people')",
        "('location', 'rev_on', 'people')",
        "('organization', 'rev_in', 'people')",
        "('business', 'rev_in', 'people')",
        "('film', 'rev_in', 'location')",
        "('location', 'rev_and', 'location')",
        "('film', 'rev_in', 'organization')",
        "('music', 'rev_to', 'organization')",
        "('sports', 'rev_to', 'organization')",
        "('location', 'rev_on', 'organization')",
        "('organization', 'rev_and', 'organization')",
        "('business', 'rev_for', 'organization')",
        "('book', 'rev_about', 'business')",
        "('film', 'rev_about', 'business')",
        "('music', 'rev_about', 'business')",
        "('sports', 'rev_about', 'business')",
        "('location', 'rev_on', 'business')",
        "('business', 'rev_and', 'business')"
      ],
      "target_node_type": "book",
      "num_classes": 7,