{
  "dataset": "IMDB",
  "model": "HAN",
  "attack": "uba",
  "seed": 3,
  "target_type": "movie",
  "num_classes": 5,
  "target_class": 0,
  "poison_rate": 0.2,
  "trigger_size": 10,
  "attack_metrics": {
    "clean_acc": 0.4064748287200928,
    "backdoored_clean_acc": 0.3776978552341461,
    "clean_acc_drop": 0.028776973485946655,
    "clean_trigger_asr": 0.10000000149011612,
    "clean_trigger_clean_acc": 0.3461538553237915,
    "poisoned_asr": 0.9549999833106995,
    "poisoned_asr_clean_acc": 0.44871795177459717,
    "natural_target_ratio": 0.0,
    "learned_backdoor_gap": 0.8549999818205833,
    "n_poison_nodes": 164,
    "n_trigger_nodes": 10
  },
  "defenses": {
    "none": {
      "defense_clean_acc": 0.3776978552341461,
      "defense_asr": 0.9549999833106995,
      "defense_asr_clean_acc": 0.44871795177459717,
      "natural_target_ratio": 0.0,
      "defense_name": "NoDefense",
      "detection_precision": null,
      "detection_recall": null,
      "detection_f1": null,
      "asr_drop": 0.0,
      "utility_drop": 0.028776973485946655
    },
    "hr": {
      "defense_clean_acc": 0.41366907954216003,
      "defense_asr": 0.20999999344348907,
      "defense_asr_clean_acc": 0.44871795177459717,
      "natural_target_ratio": 0.0,
      "defense_name": "HeteroGuard-HR",
      "train_info": {
        "best_epoch": 15,
        "best_val_acc": 0.5,
        "last_loss": 0.004899268504232168,
        "mode": "weighted",
        "hard_removed_train_nodes": 164,
        "use_trigger_unlearning": false
      },
      "detection_precision": 1.0,
      "detection_recall": 1.0,
      "detection_f1": 1.0,
      "suspicious_nodes": 164,
      "hard_removed_train_nodes": 164,
      "asr_drop": 0.7449999898672104,
      "utility_drop": -0.007194250822067261
    },
    "unlearn": {
      "defense_clean_acc": 0.41726619005203247,
      "defense_asr": 0.009999999776482582,
      "defense_asr_clean_acc": 0.41025641560554504,
      "natural_target_ratio": 0.0,
      "defense_name": "HeteroGuard-Unlearn",
      "train_info": {
        "best_epoch": 19,
        "best_val_acc": 0.4852941334247589,
        "last_loss": 0.010760425589978695,
        "last_clean_loss": 0.006422579754143953,
        "last_unlearn_loss": 0.004294844809919596,
        "last_suppress_loss": 0.0002150030923075974,
        "unlearn_samples": 256,
        "unlearn_lambda": 1.0,
        "target_suppression": 0.2,
        "mode": "weighted_unlearn",
        "hard_removed_train_nodes": 164,
        "use_trigger_unlearning": true
      },
      "detection_precision": 1.0,
      "detection_recall": 1.0,
      "detection_f1": 1.0,
      "suspicious_nodes": 164,
      "hard_removed_train_nodes": 164,
      "use_trigger_unlearning": true,
      "unlearn_lambda": 1.0,
      "unlearn_samples": 256,
      "target_suppression": 0.2,
      "asr_drop": 0.9449999835342169,
      "utility_drop": -0.010791361331939697
    }
  },
  "attacker_info": {
    "attack_name": "uba",
    "target_node_type": "movie",
    "target_class": 0,
    "poison_rate": 0.2,
    "trigger_size": 10,
    "poisoned_node_indices": [
      2491,
      4160,
      78,
      4767,
      868,
      1939,
      701,
      993,
      1730,
      4040,
      3129,
      893,
      688,
      4858,
      774,
      3373,
      309,
      4862,
      4157,
      1980,
      2826,
      4012,
      1644,
      2867,
      1257,
      4772,
      1042,
      807,
      4814,
      645,
      3721,
      1210,
      4307,
      1358,
      2300,
      1456,
      4382,
      3255,
      841,
      2233,
      3395,
      3345,
      4242,
      3465,
      2631,
      1875,
      4042,
      3269,
      1648,
      2413,
      2571,
      3659,
      1634,
      1416,
      1027,
      2560,
      1421,
      1235,
      87,
      4069,
      1447,
      4144,
      2840,
      2551,
      1429,
      3657,
      3195,
      3504,
      2868,
      2163,
      3778,
      1689,
      1270,
      3946,
      3400,
      2167,
      3763,
      1022,
      2425,
      2985,
      580,
      680,
      3206,
      1788,
      3110,
      3316,
      4287,
      135,
      3260,
      251,
      2752,
      1360,
      1253,
      3841,
      4566,
      3438,
      390,
      484,
      3707,
      2304,
      109,
      59,
      4720,
      228,
      2141,
      637,
      4765,
      3200,
      3595,
      1469,
      1243,
      2856,
      3543,
      516,
      2126,
      4019,
      3449,
      2839,
      4030,
      351,
      1391,
      1965,
      2302,
      776,
      3687,
      4174,
      2083,
      4406,
      2080,
      4080,
      2446,
      3633,
      12,
      3310,
      1533,
      859,
      867,
      3230,
      4652,
      342,
      3785,
      4128,
      2029,
      2659,
      55,
      1269,
      3573,
      1660,
      3185,
      3445,
      102,
      966,
      2914,
      149,
      2334,
      947,
      779,
      3821,
      4864,
      507,
      4072,
      1444,
      4661,
      3986
    ],
    "trigger_node_indices": {
      "movie": [
        4932,
        4933,
        4934,
        4935,
        4936,
        4937,
        4938,
        4939,
        4940,
        4941
      ]
    },
    "trigger_edge_types": [
      "('movie', 'backdoor', 'movie')",
      "('movie', 'rev_backdoor', 'movie')",
      "('movie', 'trigger_link', 'movie')",
      "('movie', 'rev_trigger_link', 'movie')"
    ],
    "target_feature_boost": true,
    "target_feature_strength": 4.0,
    "metadata": {
      "node_types": [
        "movie",
        "director",
        "actor",
        "keyword"
      ],
      "edge_types": [
        "('movie', 'to', 'director')",
        "('director', 'to', 'movie')",
        "('movie', '>actorh', 'actor')",
        "('actor', 'to', 'movie')",
        "('movie', 'to', 'keyword')",
        "('keyword', 'to', 'movie')",
        "('director', 'rev_to', 'movie')",
        "('movie', 'rev_to', 'director')",
        "('actor', 'rev_>actorh', 'movie')",
        "('movie', 'rev_to', 'actor')",
        "('keyword', 'rev_to', 'movie')",
        "('movie', 'rev_to', 'keyword')"
      ],
      "target_node_type": "movie",
      "num_classes": 5,
      "trigger_feature_dims": [
        0,
        1,
        2,
        3,
        4,
        5,
        7,
        8,
        9,
        10
      ],
      "target_feature_boost_dims": [
        0,
        1,
        2,
        3,
        4,
        5,
        7,
        8,
        9,
        10
      ],
      "poisoned_nodes": 164,
      "trigger_nodes": 10,
      "trigger_type": "uba_hybrid",
      "use_clique": true,
      "target_feature_boost": true,
      "max_trigger_size": 50
    }
  },
  "config": {
    "seed": 3,
    "data_dir": "./data",
    "output_dir": "./results_han_cross_dataset_5seeds",
    "save_results": true,
    "device": "cuda",
    "debug": false,
    "verbose": false,
    "dataset": "IMDB",
    "model": "HAN",
    "attack": "uba",
    "hidden_dim": 128,
    "num_heads": 4,
    "num_layers": 2,
    "dropout": 0.5,
    "num_bases": 8,
    "epochs": 200,
    "clean_epochs": null,
    "poison_epochs": null,
    "clean_probe_epochs": null,
    "lr": 0.01,
    "weight_decay": 0.0005,
    "patience": 50,
    "poison_save_best": "last",
    "poison_rate": 0.2,
    "trigger_size": 10,
    "target_class": 0,
    "trigger_strength": 3.0,
    "surrogate_epochs": 30,
    "num_inject": 200,
    "relation_mode": "hybrid",
    "target_feature_strength": 4.0,
    "aux_feature_strength": 6.0,
    "no_aux_clique": false,
    "defenses": "none,hr,unlearn",
    "pretrain_epochs": 50,
    "pretrain_lr": 0.005,
    "defense_epochs": 100,
    "defense_lr": 0.005,
    "defense_weight_decay": 0.0001,
    "detection_ratio": 0.2,
    "use_label_signal": false,
    "min_weight": 0.0,
    "max_downweight": 1.0,
    "unlearn_lambda": 1.0,
    "unlearn_samples": 256,
    "target_suppression": 0.2,
    "include_target_in_unlearning": false
  },