{
  "dataset": "IMDB",
  "model": "HAN",
  "attack": "feature",
  "seed": 2,
  "target_type": "movie",
  "num_classes": 5,
  "target_class": 0,
  "poison_rate": 0.1,
  "trigger_size": 10,
  "attack_metrics": {
    "clean_acc": 0.4208633005619049,
    "backdoored_clean_acc": 0.3633093535900116,
    "clean_acc_drop": 0.05755394697189331,
    "clean_trigger_asr": 0.20000000298023224,
    "clean_trigger_clean_acc": 0.6025640964508057,
    "poisoned_asr": 0.9449999928474426,
    "poisoned_asr_clean_acc": 0.38461539149284363,
    "natural_target_ratio": 0.0,
    "learned_backdoor_gap": 0.7449999898672104,
    "n_poison_nodes": 82,
    "n_trigger_nodes": 0
  },
  "defenses": {
    "none": {
      "defense_clean_acc": 0.3633093535900116,
      "defense_asr": 0.9449999928474426,
      "defense_asr_clean_acc": 0.38461539149284363,
      "natural_target_ratio": 0.0,
      "defense_name": "NoDefense",
      "detection_precision": null,
      "detection_recall": null,
      "detection_f1": null,
      "asr_drop": 0.0,
      "utility_drop": 0.05755394697189331
    },
    "hr": {
      "defense_clean_acc": 0.4208633005619049,
      "defense_asr": 0.20999999344348907,
      "defense_asr_clean_acc": 0.4615384638309479,
      "natural_target_ratio": 0.0,
      "defense_name": "HeteroGuard-HR",
      "train_info": {
        "best_epoch": 17,
        "best_val_acc": 0.529411792755127,
        "last_loss": 0.007556411903351545,
        "mode": "weighted",
        "hard_removed_train_nodes": 82,
        "use_trigger_unlearning": false
      },
      "detection_precision": 1.0,
      "detection_recall": 1.0,
      "detection_f1": 1.0,
      "suspicious_nodes": 82,
      "hard_removed_train_nodes": 82,
      "asr_drop": 0.7349999994039536,
      "utility_drop": 0.0
    },
    "unlearn": {
      "defense_clean_acc": 0.43525180220603943,
      "defense_asr": 0.0,
      "defense_asr_clean_acc": 0.3076923191547394,
      "natural_target_ratio": 0.0,
      "defense_name": "HeteroGuard-Unlearn",
      "train_info": {
        "best_epoch": 15,
        "best_val_acc": 0.4852941334247589,
        "last_loss": 0.01217859610915184,
        "last_clean_loss": 0.011319600977003574,
        "last_unlearn_loss": 0.0008580652647651732,
        "last_suppress_loss": 4.648005415219814e-06,
        "unlearn_samples": 256,
        "unlearn_lambda": 1.0,
        "target_suppression": 0.2,
        "mode": "weighted_unlearn",
        "hard_removed_train_nodes": 82,
        "use_trigger_unlearning": true
      },
      "detection_precision": 1.0,
      "detection_recall": 1.0,
      "detection_f1": 1.0,
      "suspicious_nodes": 82,
      "hard_removed_train_nodes": 82,
      "use_trigger_unlearning": true,
      "unlearn_lambda": 1.0,
      "unlearn_samples": 256,
      "target_suppression": 0.2,
      "asr_drop": 0.9449999928474426,
      "utility_drop": -0.014388501644134521
    }
  },
  "attacker_info": {
    "attack_name": "feature",
    "target_node_type": "movie",
    "target_class": 0,
    "poison_rate": 0.1,
    "trigger_size": 10,
    "poisoned_node_indices": [
      3040,
      3044,
      1875,
      3821,
      4661,
      1723,
      622,
      921,
      2309,
      411,
      1456,
      940,
      1719,
      4158,
      619,
      3341,
      4319,
      1461,
      732,
      490,
      484,
      3049,
      1689,
      3395,
      4362,
      1730,
      3717,
      3527,
      2360,
      392,
      2232,
      2031,
      2851,
      4642,
      3634,
      4140,
      849,
      2624,
      3707,
      3519,
      352,
      4430,
      1170,
      4113,
      4086,
      905,
      1931,
      4257,
      4040,
      4524,
      844,
      159,
      2762,
      807,
      3110,
      132,
      4065,
      4312,
      2256,
      2772,
      3687,
      1066,
      3053,
      1031,
      1843,
      516,
      867,
      420,
      4772,
      4652,
      1253,
      1039,
      3250,
      2398,
      3562,
      1713,
      1631,
      1304,
      4305,
      2502,
      4703,
      2970
    ],
    "trigger_node_indices": {
      "movie": []
    },
    "trigger_edge_types": [],
    "target_feature_boost": false,
    "target_feature_strength": 4.0,
    "metadata": {
      "node_types": [
        "movie",
        "director",
        "actor",
        "keyword"
      ],
      "edge_types": [
        "('movie', 'to', 'director')",
        "('director', 'to', 'movie')",
        "('movie', '>actorh', 'actor')",
        "('actor', 'to', 'movie')",
        "('movie', 'to', 'keyword')",
        "('keyword', 'to', 'movie')",
        "('director', 'rev_to', 'movie')",
        "('movie', 'rev_to', 'director')",
        "('actor', 'rev_>actorh', 'movie')",
        "('movie', 'rev_to', 'actor')",
        "('keyword', 'rev_to', 'movie')",
        "('movie', 'rev_to', 'keyword')"
      ],
      "target_node_type": "movie",
      "num_classes": 5,
      "trigger_dims": [
        0,
        1,
        2,
        3,
        4,
        5,
        7,
        8,
        9,
        10
      ],
      "trigger_strength": 3.0,
      "poisoned_nodes": 82,
      "trigger_type": "feature_vector"
    }
  },
  "config": {
    "seed": 2,
    "data_dir": "./data",
    "output_dir": "./results_han_cross_dataset_5seeds",
    "save_results": true,
    "device": "cuda",
    "debug": false,
    "verbose": false,
    "dataset": "IMDB",
    "model": "HAN",
    "attack": "feature",
    "hidden_dim": 128,
    "num_heads": 4,
    "num_layers": 2,
    "dropout": 0.5,
    "num_bases": 8,
    "epochs": 200,
    "clean_epochs": null,
    "poison_epochs": null,
    "clean_probe_epochs": null,
    "lr": 0.01,
    "weight_decay": 0.0005,
    "patience": 50,
    "poison_save_best": "last",
    "poison_rate": 0.1,
    "trigger_size": 10,
    "target_class": 0,
    "trigger_strength": 3.0,
    "surrogate_epochs": 30,
    "num_inject": 200,
    "relation_mode": "hybrid",
    "target_feature_strength": 4.0,
    "aux_feature_strength": 6.0,
    "no_aux_clique": false,
    "defenses": "none,hr,unlearn",
    "pretrain_epochs": 50,
    "pretrain_lr": 0.005,
    "defense_epochs": 100,
    "defense_lr": 0.005,
    "defense_weight_decay": 0.0001,
    "detection_ratio": 0.1,
    "use_label_signal": false,
    "min_weight": 0.0,
    "max_downweight": 1.0,
    "unlearn_lambda": 1.0,
    "unlearn_samples": 256,
    "target_suppression": 0.2,
    "include_target_in_unlearning": false
  },
  "runtime_sec": 54.02905201911926
}