{
  "dataset": "DBLP",
  "model": "HAN",
  "attack": "feature",
  "seed": 1,
  "target_type": "author",
  "num_classes": 4,
  "target_class": 0,
  "poison_rate": 0.1,
  "trigger_size": 10,
  "attack_metrics": {
    "clean_acc": 0.8830645084381104,
    "backdoored_clean_acc": 0.6975806355476379,
    "clean_acc_drop": 0.1854838728904724,
    "clean_trigger_asr": 0.12716762721538544,
    "clean_trigger_clean_acc": 0.8666666746139526,
    "poisoned_asr": 0.8323699235916138,
    "poisoned_asr_clean_acc": 0.7866666913032532,
    "natural_target_ratio": 0.0,
    "learned_backdoor_gap": 0.7052022963762283,
    "n_poison_nodes": 73,
    "n_trigger_nodes": 0
  },
  "defenses": {
    "none": {
      "defense_clean_acc": 0.6975806355476379,
      "defense_asr": 0.8323699235916138,
      "defense_asr_clean_acc": 0.7866666913032532,
      "natural_target_ratio": 0.0,
      "defense_name": "NoDefense",
      "detection_precision": null,
      "detection_recall": null,
      "detection_f1": null,
      "asr_drop": 0.0,
      "utility_drop": 0.1854838728904724
    },
    "hr": {
      "defense_clean_acc": 0.8467742204666138,
      "defense_asr": 0.18497109413146973,
      "defense_asr_clean_acc": 0.8533333539962769,
      "natural_target_ratio": 0.0,
      "defense_name": "HeteroGuard-HR",
      "train_info": {
        "best_epoch": 13,
        "best_val_acc": 0.8423237204551697,
        "last_loss": 0.024447236210107803,
        "mode": "weighted",
        "hard_removed_train_nodes": 73,
        "use_trigger_unlearning": false
      },
      "detection_precision": 1.0,
      "detection_recall": 1.0,
      "detection_f1": 1.0,
      "suspicious_nodes": 73,
      "hard_removed_train_nodes": 73,
      "asr_drop": 0.647398829460144,
      "utility_drop": 0.03629028797149658
    },
    "unlearn": {
      "defense_clean_acc": 0.7620967626571655,
      "defense_asr": 0.04624277353286743,
      "defense_asr_clean_acc": 0.8399999737739563,
      "natural_target_ratio": 0.0,
      "defense_name": "HeteroGuard-Unlearn",
      "train_info": {
        "best_epoch": 29,
        "best_val_acc": 0.813278079032898,
        "last_loss": 0.037664372473955154,
        "last_clean_loss": 0.017247958108782768,
        "last_unlearn_loss": 0.019816305488348007,
        "last_suppress_loss": 0.0030005532316863537,
        "unlearn_samples": 256,
        "unlearn_lambda": 1.0,
        "target_suppression": 0.2,
        "mode": "weighted_unlearn",
        "hard_removed_train_nodes": 73,
        "use_trigger_unlearning": true
      },
      "detection_precision": 1.0,
      "detection_recall": 1.0,
      "detection_f1": 1.0,
      "suspicious_nodes": 73,
      "hard_removed_train_nodes": 73,
      "use_trigger_unlearning": true,
      "unlearn_lambda": 1.0,
      "unlearn_samples": 256,
      "target_suppression": 0.2,
      "asr_drop": 0.7861271500587463,
      "utility_drop": 0.12096774578094482
    }
  },
  "attacker_info": {
    "attack_name": "feature",
    "target_node_type": "author",
    "target_class": 0,
    "poison_rate": 0.1,
    "trigger_size": 10,
    "poisoned_node_indices": [
      779,
      1556,
      758,
      3088,
      2801,
      1794,
      997,
      1980,
      1780,
      3791,
      3784,
      1687,
      3760,
      2863,
      3067,
      1136,
      2298,
      3413,
      2469,
      2976,
      449,
      98,
      3826,
      598,
      2631,
      2602,
      494,
      1660,
      445,
      2677,
      699,
      2586,
      775,
      1990,
      1234,
      3661,
      3603,
      1663,
      86,
      506,
      1998,
      853,
      1704,
      2756,
      589,
      1017,
      2650,
      2170,
      535,
      3874,
      931,
      344,
      1315,
      1781,
      963,
      2513,
      1741,
      1349,
      2068,
      1188,
      983,
      1210,
      1585,
      2546,
      1879,
      3853,
      1636,
      3042,
      195,
      3010,
      2429,
      7,
      1710
    ],
    "trigger_node_indices": {
      "author": []
    },
    "trigger_edge_types": [],
    "target_feature_boost": false,
    "target_feature_strength": 4.0,
    "metadata": {
      "node_types": [
        "author",
        "paper",
        "term",
        "venue"
      ],
      "edge_types": [
        "('author', 'to', 'paper')",
        "('paper', 'to', 'term')",
        "('paper', 'to', 'venue')",
        "('paper', 'to', 'author')",
        "('term', 'to', 'paper')",
        "('venue', 'to', 'paper')",
        "('paper', 'rev_to', 'author')",
        "('term', 'rev_to', 'paper')",
        "('venue', 'rev_to', 'paper')",
        "('author', 'rev_to', 'paper')",
        "('paper', 'rev_to', 'term')",
        "('paper', 'rev_to', 'venue')"
      ],
      "target_node_type": "author",
      "num_classes": 4,
      "trigger_dims": [
        63,
        23,
        321,
        295,
        135,
        222,
        152,
        242,
        64,
        170
      ],
      "trigger_strength": 3.0,
      "poisoned_nodes": 73,
      "trigger_type": "feature_vector"
    }
  },
  "config": {
    "seed": 1,
    "data_dir": "./data",
    "output_dir": "./results_han_cross_dataset_5seeds",
    "save_results": true,
    "device": "cuda",
    "debug": false,
    "verbose": false,
    "dataset": "DBLP",
    "model": "HAN",
    "attack": "feature",
    "hidden_dim": 128,
    "num_heads": 4,
    "num_layers": 2,
    "dropout": 0.5,
    "num_bases": 8,
    "epochs": 200,
    "clean_epochs": null,
    "poison_epochs": null,
    "clean_probe_epochs": null,
    "lr": 0.01,
    "weight_decay": 0.0005,
    "patience": 50,
    "poison_save_best": "last",
    "poison_rate": 0.1,
    "trigger_size": 10,
    "target_class": 0,
    "trigger_strength": 3.0,
    "surrogate_epochs": 30,
    "num_inject": 200,
    "relation_mode": "hybrid",
    "target_feature_strength": 4.0,
    "aux_feature_strength": 6.0,
    "no_aux_clique": false,
    "defenses": "none,hr,unlearn",
    "pretrain_epochs": 50,
    "pretrain_lr": 0.005,
    "defense_epochs": 100,
    "defense_lr": 0.005,
    "defense_weight_decay": 0.0001,
    "detection_ratio": 0.1,
    "use_label_signal": false,
    "min_weight": 0.0,
    "max_downweight": 1.0,
    "unlearn_lambda": 1.0,
    "unlearn_samples": 256,
    "target_suppression": 0.2,
    "include_target_in_unlearning": false
  },
  "runtime_sec": 46.58066201210022
}