{
  "dataset": "Freebase",
  "model": "HAN",
  "attack": "clean_label",
  "seed": 3,
  "target_type": "book",
  "num_classes": 7,
  "target_class": 0,
  "poison_rate": 0.2,
  "trigger_size": 10,
  "attack_metrics": {
    "clean_acc": 0.5495867729187012,
    "backdoored_clean_acc": 0.5061983466148376,
    "clean_acc_drop": 0.043388426303863525,
    "clean_trigger_asr": 0.0,
    "clean_trigger_clean_acc": 0.47183099389076233,
    "poisoned_asr": 0.9399999976158142,
    "poisoned_asr_clean_acc": 0.4647887349128723,
    "natural_target_ratio": 0.0,
    "learned_backdoor_gap": 0.9399999976158142,
    "n_poison_nodes": 82,
    "n_trigger_nodes": 10
  },
  "defenses": {
    "none": {
      "defense_clean_acc": 0.5061983466148376,
      "defense_asr": 0.9399999976158142,
      "defense_asr_clean_acc": 0.4647887349128723,
      "natural_target_ratio": 0.0,
      "defense_name": "NoDefense",
      "detection_precision": null,
      "detection_recall": null,
      "detection_f1": null,
      "asr_drop": 0.0,
      "utility_drop": 0.043388426303863525
    },
    "hr": {
      "defense_clean_acc": 0.4793388545513153,
      "defense_asr": 0.0,
      "defense_asr_clean_acc": 0.47183099389076233,
      "natural_target_ratio": 0.0,
      "defense_name": "HeteroGuard-HR",
      "train_info": {
        "best_epoch": 96,
        "best_val_acc": 0.5379746556282043,
        "last_loss": 1.1230493783950806,
        "mode": "weighted",
        "hard_removed_train_nodes": 286,
        "use_trigger_unlearning": false
      },
      "detection_precision": 0.2867132867132867,
      "detection_recall": 1.0,
      "detection_f1": 0.4456521739130435,
      "suspicious_nodes": 286,
      "hard_removed_train_nodes": 286,
      "asr_drop": 0.9399999976158142,
      "utility_drop": 0.07024791836738586
    },
    "unlearn": {
      "defense_clean_acc": 0.46694216132164,
      "defense_asr": 0.0,
      "defense_asr_clean_acc": 0.44718310236930847,
      "natural_target_ratio": 0.0,
      "defense_name": "HeteroGuard-Unlearn",
      "train_info": {
        "best_epoch": 49,
        "best_val_acc": 0.5126581788063049,
        "last_loss": 2.0707759857177734,
        "last_clean_loss": 1.1985560655593872,
        "last_unlearn_loss": 0.8700789213180542,
        "last_suppress_loss": 0.010704916901886463,
        "unlearn_samples": 256,
        "unlearn_lambda": 1.0,
        "target_suppression": 0.2,
        "mode": "weighted_unlearn",
        "hard_removed_train_nodes": 286,
        "use_trigger_unlearning": true
      },
      "detection_precision": 0.2867132867132867,
      "detection_recall": 1.0,
      "detection_f1": 0.4456521739130435,
      "suspicious_nodes": 286,
      "hard_removed_train_nodes": 286,
      "use_trigger_unlearning": true,
      "unlearn_lambda": 1.0,
      "unlearn_samples": 256,
      "target_suppression": 0.2,
      "asr_drop": 0.9399999976158142,
      "utility_drop": 0.08264461159706116
    }
  },
  "attacker_info": {
    "attack_name": "clean_label",
    "target_node_type": "book",
    "target_class": 0,
    "poison_rate": 0.2,
    "trigger_size": 10,
    "poisoned_node_indices": [
      36146,
      25786,
      34115,
      21602,
      33418,
      12580,
      12383,
      33466,
      27435,
      36577,
      28352,
      38883,
      29946,
      38730,
      24220,
      19838,
      17613,
      37695,
      31294,
      29474,
      3601,
      27085,
      36769,
      21568,
      26250,
      27396,
      32072,
      5512,
      19293,
      34628,
      16316,
      39461,
      20248,
      23818,
      26427,
      36283,
      36433,
      34521,
      22686,
      35785,
      35093,
      6008,
      33705,
      25949,
      25850,
      27214,
      6789,
      34160,
      23290,
      16877,
      16342,
      33105,
      30056,
      27033,
      30621,
      4614,
      34562,
      13305,
      4600,
      6614,
      21833,
      37599,
      10937,
      29837,
      23046,
      20131,
      27005,
      34356,
      32357,
      37710,
      9940,
      36187,
      39791,
      37363,
      33172,
      13472,
      16776,
      36016,
      20047,
      7003,
      32585,
      17037
    ],
    "trigger_node_indices": {
      "film": [
        19427,
        19428,
        19429,
        19430,
        19431,
        19432,
        19433,
        19434,
        19435,
        19436
      ]
    },
    "trigger_edge_types": [
      "('film', 'rev_to', 'book')",
      "('book', 'to', 'film')",
      "('film', 'trigger_link', 'film')",
      "('film', 'rev_trigger_link', 'film')"
    ],
    "target_feature_boost": true,
    "target_feature_strength": 4.0,
    "metadata": {
      "node_types": [
        "book",
        "film",
        "music",
        "sports",
        "people",
        "location",
        "organization",
        "business"
      ],
      "edge_types": [
        "('book', 'and', 'book')",
        "('book', 'to', 'film')",
        "('book', 'on', 'sports')",
        "('book', 'on', 'location')",
        "('book', 'about', 'organization')",
        "('film', 'and', 'film')",
        "('music', 'in', 'book')",
        "('music', 'in', 'film')",
        "('music', 'and', 'music')",
        "('music', 'for', 'sports')",
        "('music', 'on', 'location')",
        "('sports', 'in', 'film')",
        "('sports', 'and', 'sports')",
        "('sports', 'on', 'location')",
        "('people', 'to', 'book')",
        "('people', 'to', 'film')",
        "('people', 'to', 'music')",
        "('people', 'to', 'sports')",
        "('people', 'and', 'people')",
        "('people', 'on', 'location')",
        "('people', 'in', 'organization')",
        "('people', 'in', 'business')",
        "('location', 'in', 'film')",
        "('location', 'and', 'location')",
        "('organization', 'in', 'film')",
        "('organization', 'to', 'music')",
        "('organization', 'to', 'sports')",
        "('organization', 'on', 'location')",
        "('organization', 'and', 'organization')",
        "('organization', 'for', 'business')",
        "('business', 'about', 'book')",
        "('business', 'about', 'film')",
        "('business', 'about', 'music')",
        "('business', 'about', 'sports')",
        "('business', 'on', 'location')",
        "('business', 'and', 'business')",
        "('book', 'rev_and', 'book')",
        "('film', 'rev_to', 'book')",
        "('sports', 'rev_on', 'book')",
        "('location', 'rev_on', 'book')",
        "('organization', 'rev_about', 'book')",
        "('film', 'rev_and', 'film')",
        "('book', 'rev_in', 'music')",
        "('film', 'rev_in', 'music')",
        "('music', 'rev_and', 'music')",
        "('sports', 'rev_for', 'music')",
        "('location', 'rev_on', 'music')",
        "('film', 'rev_in', 'sports')",
        "('sports', 'rev_and', 'sports')",
        "('location', 'rev_on', 'sports')",
        "('book', 'rev_to', 'people')",
        "('film', 'rev_to', 'people')",
        "('music', 'rev_to', 'people')",
        "('sports', 'rev_to', 'people')",
        "('people', 'rev_and', 'people')",
        "('location', 'rev_on', 'people')",
        "('organization', 'rev_in', 'people')",
        "('business', 'rev_in', 'people')",
        "('film', 'rev_in', 'location')",
        "('location', 'rev_and', 'location')",
        "('film', 'rev_in', 'organization')",
        "('music', 'rev_to', 'organization')",
        "('sports', 'rev_to', 'organization')",
        "('location', 'rev_on', 'organization')",
        "('organization', 'rev_and', 'organization')",
        "('business', 'rev_for', 'organization')",
        "('book', 'rev_about', 'business')",
        "('film', 'rev_about', 'business')",
        "('music', 'rev_about', 'business')",
        "('sports', 'rev_about', 'business')",
        "('location', 'rev_on', 'business')",
        "('business', 'rev_and', 'business')"
      ],
      "target_node_type": "book",
      "num_classes": 7,