{
  "dataset": "DBLP",
  "model": "HAN",
  "attack": "feature",
  "seed": 3,
  "target_type": "author",
  "num_classes": 4,
  "target_class": 0,
  "poison_rate": 0.1,
  "trigger_size": 10,
  "attack_metrics": {
    "clean_acc": 0.8467742204666138,
    "backdoored_clean_acc": 0.7379032373428345,
    "clean_acc_drop": 0.1088709831237793,
    "clean_trigger_asr": 0.05202312022447586,
    "clean_trigger_clean_acc": 0.8533333539962769,
    "poisoned_asr": 0.849711000919342,
    "poisoned_asr_clean_acc": 0.8266666531562805,
    "natural_target_ratio": 0.0,
    "learned_backdoor_gap": 0.7976878806948662,
    "n_poison_nodes": 73,
    "n_trigger_nodes": 0
  },
  "defenses": {
    "none": {
      "defense_clean_acc": 0.7379032373428345,
      "defense_asr": 0.849711000919342,
      "defense_asr_clean_acc": 0.8266666531562805,
      "natural_target_ratio": 0.0,
      "defense_name": "NoDefense",
      "detection_precision": null,
      "detection_recall": null,
      "detection_f1": null,
      "asr_drop": 0.0,
      "utility_drop": 0.1088709831237793
    },
    "hr": {
      "defense_clean_acc": 0.8306451439857483,
      "defense_asr": 0.04624277353286743,
      "defense_asr_clean_acc": 0.8933333158493042,
      "natural_target_ratio": 0.0,
      "defense_name": "HeteroGuard-HR",
      "train_info": {
        "best_epoch": 11,
        "best_val_acc": 0.8464730978012085,
        "last_loss": 0.012088106945157051,
        "mode": "weighted",
        "hard_removed_train_nodes": 73,
        "use_trigger_unlearning": false
      },
      "detection_precision": 1.0,
      "detection_recall": 1.0,
      "detection_f1": 1.0,
      "suspicious_nodes": 73,
      "hard_removed_train_nodes": 73,
      "asr_drop": 0.8034682273864746,
      "utility_drop": 0.01612907648086548
    },
    "unlearn": {
      "defense_clean_acc": 0.8064516186714172,
      "defense_asr": 0.023121386766433716,
      "defense_asr_clean_acc": 0.8266666531562805,
      "natural_target_ratio": 0.0,
      "defense_name": "HeteroGuard-Unlearn",
      "train_info": {
        "best_epoch": 38,
        "best_val_acc": 0.7883817553520203,
        "last_loss": 0.032416071742773056,
        "last_clean_loss": 0.025785669684410095,
        "last_unlearn_loss": 0.006592174060642719,
        "last_suppress_loss": 0.00019115302711725235,
        "unlearn_samples": 256,
        "unlearn_lambda": 1.0,
        "target_suppression": 0.2,
        "mode": "weighted_unlearn",
        "hard_removed_train_nodes": 73,
        "use_trigger_unlearning": true
      },
      "detection_precision": 1.0,
      "detection_recall": 1.0,
      "detection_f1": 1.0,
      "suspicious_nodes": 73,
      "hard_removed_train_nodes": 73,
      "use_trigger_unlearning": true,
      "unlearn_lambda": 1.0,
      "unlearn_samples": 256,
      "target_suppression": 0.2,
      "asr_drop": 0.8265896141529083,
      "utility_drop": 0.04032260179519653
    }
  },
  "attacker_info": {
    "attack_name": "feature",
    "target_node_type": "author",
    "target_class": 0,
    "poison_rate": 0.1,
    "trigger_size": 10,
    "poisoned_node_indices": [
      68,
      775,
      2682,
      2405,
      1979,
      2417,
      2677,
      3475,
      3765,
      748,
      494,
      964,
      1318,
      3065,
      2551,
      1284,
      2068,
      768,
      2921,
      979,
      1349,
      1596,
      1247,
      3312,
      3878,
      103,
      131,
      1584,
      1621,
      779,
      506,
      3282,
      1820,
      3776,
      2760,
      1224,
      1619,
      3577,
      1794,
      2898,
      1016,
      3547,
      648,
      3279,
      2557,
      1467,
      2492,
      905,
      1636,
      3468,
      3439,
      776,
      195,
      180,
      3321,
      2976,
      102,
      857,
      2816,
      10,
      975,
      926,
      2696,
      3803,
      656,
      3480,
      1007,
      2863,
      1086,
      2602,
      1093,
      2170,
      230
    ],
    "trigger_node_indices": {
      "author": []
    },
    "trigger_edge_types": [],
    "target_feature_boost": false,
    "target_feature_strength": 4.0,
    "metadata": {
      "node_types": [
        "author",
        "paper",
        "term",
        "venue"
      ],
      "edge_types": [
        "('author', 'to', 'paper')",
        "('paper', 'to', 'term')",
        "('paper', 'to', 'venue')",
        "('paper', 'to', 'author')",
        "('term', 'to', 'paper')",
        "('venue', 'to', 'paper')",
        "('paper', 'rev_to', 'author')",
        "('term', 'rev_to', 'paper')",
        "('venue', 'rev_to', 'paper')",
        "('author', 'rev_to', 'paper')",
        "('paper', 'rev_to', 'term')",
        "('paper', 'rev_to', 'venue')"
      ],
      "target_node_type": "author",
      "num_classes": 4,
      "trigger_dims": [
        63,
        23,
        321,
        295,
        135,
        222,
        152,
        242,
        64,
        170
      ],
      "trigger_strength": 3.0,
      "poisoned_nodes": 73,
      "trigger_type": "feature_vector"
    }
  },
  "config": {
    "seed": 3,
    "data_dir": "./data",
    "output_dir": "./results_han_cross_dataset_5seeds",
    "save_results": true,
    "device": "cuda",
    "debug": false,
    "verbose": false,
    "dataset": "DBLP",
    "model": "HAN",
    "attack": "feature",
    "hidden_dim": 128,
    "num_heads": 4,
    "num_layers": 2,
    "dropout": 0.5,
    "num_bases": 8,
    "epochs": 200,
    "clean_epochs": null,
    "poison_epochs": null,
    "clean_probe_epochs": null,
    "lr": 0.01,
    "weight_decay": 0.0005,
    "patience": 50,
    "poison_save_best": "last",
    "poison_rate": 0.1,
    "trigger_size": 10,
    "target_class": 0,
    "trigger_strength": 3.0,
    "surrogate_epochs": 30,
    "num_inject": 200,
    "relation_mode": "hybrid",
    "target_feature_strength": 4.0,
    "aux_feature_strength": 6.0,
    "no_aux_clique": false,
    "defenses": "none,hr,unlearn",
    "pretrain_epochs": 50,
    "pretrain_lr": 0.005,
    "defense_epochs": 100,
    "defense_lr": 0.005,
    "defense_weight_decay": 0.0001,
    "detection_ratio": 0.1,
    "use_label_signal": false,
    "min_weight": 0.0,
    "max_downweight": 1.0,
    "unlearn_lambda": 1.0,
    "unlearn_samples": 256,
    "target_suppression": 0.2,
    "include_target_in_unlearning": false
  },
  "runtime_sec": 45.96550107002258
}