{
  "dataset": "IMDB",
  "model": "HAN",
  "attack": "uba",
  "seed": 2,
  "target_type": "movie",
  "num_classes": 5,
  "target_class": 0,
  "poison_rate": 0.2,
  "trigger_size": 10,
  "attack_metrics": {
    "clean_acc": 0.4208633005619049,
    "backdoored_clean_acc": 0.3417266309261322,
    "clean_acc_drop": 0.0791366696357727,
    "clean_trigger_asr": 0.125,
    "clean_trigger_clean_acc": 0.38461539149284363,
    "poisoned_asr": 0.9350000023841858,
    "poisoned_asr_clean_acc": 0.5384615659713745,
    "natural_target_ratio": 0.0,
    "learned_backdoor_gap": 0.8100000023841858,
    "n_poison_nodes": 164,
    "n_trigger_nodes": 10
  },
  "defenses": {
    "none": {
      "defense_clean_acc": 0.3417266309261322,
      "defense_asr": 0.9350000023841858,
      "defense_asr_clean_acc": 0.5384615659713745,
      "natural_target_ratio": 0.0,
      "defense_name": "NoDefense",
      "detection_precision": null,
      "detection_recall": null,
      "detection_f1": null,
      "asr_drop": 0.0,
      "utility_drop": 0.0791366696357727
    },
    "hr": {
      "defense_clean_acc": 0.4064748287200928,
      "defense_asr": 0.16500000655651093,
      "defense_asr_clean_acc": 0.4615384638309479,
      "natural_target_ratio": 0.0,
      "defense_name": "HeteroGuard-HR",
      "train_info": {
        "best_epoch": 15,
        "best_val_acc": 0.5330882668495178,
        "last_loss": 0.01678640767931938,
        "mode": "weighted",
        "hard_removed_train_nodes": 164,
        "use_trigger_unlearning": false
      },
      "detection_precision": 1.0,
      "detection_recall": 1.0,
      "detection_f1": 1.0,
      "suspicious_nodes": 164,
      "hard_removed_train_nodes": 164,
      "asr_drop": 0.7699999958276749,
      "utility_drop": 0.014388471841812134
    },
    "unlearn": {
      "defense_clean_acc": 0.3884892165660858,
      "defense_asr": 0.029999999329447746,
      "defense_asr_clean_acc": 0.3717948794364929,
      "natural_target_ratio": 0.0,
      "defense_name": "HeteroGuard-Unlearn",
      "train_info": {
        "best_epoch": 20,
        "best_val_acc": 0.49264705181121826,
        "last_loss": 0.006685285363346338,
        "last_clean_loss": 0.005996414460241795,
        "last_unlearn_loss": 0.0006870270008221269,
        "last_suppress_loss": 9.219153071171604e-06,
        "unlearn_samples": 256,
        "unlearn_lambda": 1.0,
        "target_suppression": 0.2,
        "mode": "weighted_unlearn",
        "hard_removed_train_nodes": 164,
        "use_trigger_unlearning": true
      },
      "detection_precision": 1.0,
      "detection_recall": 1.0,
      "detection_f1": 1.0,
      "suspicious_nodes": 164,
      "hard_removed_train_nodes": 164,
      "use_trigger_unlearning": true,
      "unlearn_lambda": 1.0,
      "unlearn_samples": 256,
      "target_suppression": 0.2,
      "asr_drop": 0.905000003054738,
      "utility_drop": 0.03237408399581909
    }
  },
  "attacker_info": {
    "attack_name": "uba",
    "target_node_type": "movie",
    "target_class": 0,
    "poison_rate": 0.2,
    "trigger_size": 10,
    "poisoned_node_indices": [
      3040,
      3044,
      1875,
      3821,
      4661,
      1723,
      622,
      921,
      2309,
      411,
      1456,
      940,
      1719,
      4158,
      619,
      3341,
      4319,
      1461,
      732,
      490,
      484,
      3049,
      1689,
      3395,
      4362,
      1730,
      3717,
      3527,
      2360,
      392,
      2232,
      2031,
      2851,
      4642,
      3634,
      4140,
      849,
      2624,
      3707,
      3519,
      352,
      4430,
      1170,
      4113,
      4086,
      905,
      1931,
      4257,
      4040,
      4524,
      844,
      159,
      2762,
      807,
      3110,
      132,
      4065,
      4312,
      2256,
      2772,
      3687,
      1066,
      3053,
      1031,
      1843,
      516,
      867,
      420,
      4772,
      4652,
      1253,
      1039,
      3250,
      2398,
      3562,
      1713,
      1631,
      1304,
      4305,
      2502,
      4703,
      2970,
      342,
      2425,
      705,
      2167,
      1644,
      1018,
      2413,
      1710,
      3473,
      1694,
      3345,
      4575,
      1803,
      1793,
      4873,
      1923,
      1863,
      761,
      557,
      1188,
      4555,
      2953,
      3573,
      32,
      4224,
      2233,
      4175,
      3378,
      870,
      4434,
      1342,
      1075,
      1269,
      4055,
      3755,
      3310,
      1974,
      3091,
      59,
      1448,
      2027,
      3445,
      528,
      2668,
      3438,
      4117,
      1939,
      4048,
      2172,
      1555,
      3899,
      2549,
      2142,
      1391,
      3673,
      3015,
      3255,
      2029,
      4216,
      1439,
      4030,
      3316,
      4501,
      4862,
      3504,
      1110,
      766,
      688,
      55,
      3946,
      4160,
      1475,
      3101,
      4038,
      471,
      1295,
      2135,
      3929,
      4088,
      4057,
      4174,
      2840
    ],
    "trigger_node_indices": {
      "movie": [
        4932,
        4933,
        4934,
        4935,
        4936,
        4937,
        4938,
        4939,
        4940,
        4941
      ]
    },
    "trigger_edge_types": [
      "('movie', 'backdoor', 'movie')",
      "('movie', 'rev_backdoor', 'movie')",
      "('movie', 'trigger_link', 'movie')",
      "('movie', 'rev_trigger_link', 'movie')"
    ],
    "target_feature_boost": true,
    "target_feature_strength": 4.0,
    "metadata": {
      "node_types": [
        "movie",
        "director",
        "actor",
        "keyword"
      ],
      "edge_types": [
        "('movie', 'to', 'director')",
        "('director', 'to', 'movie')",
        "('movie', '>actorh', 'actor')",
        "('actor', 'to', 'movie')",
        "('movie', 'to', 'keyword')",
        "('keyword', 'to', 'movie')",
        "('director', 'rev_to', 'movie')",
        "('movie', 'rev_to', 'director')",
        "('actor', 'rev_>actorh', 'movie')",
        "('movie', 'rev_to', 'actor')",
        "('keyword', 'rev_to', 'movie')",
        "('movie', 'rev_to', 'keyword')"
      ],
      "target_node_type": "movie",
      "num_classes": 5,
      "trigger_feature_dims": [
        0,
        1,
        2,
        3,
        4,
        5,
        7,
        8,
        9,
        10
      ],
      "target_feature_boost_dims": [
        0,
        1,
        2,
        3,
        4,
        5,
        7,
        8,
        9,
        10
      ],
      "poisoned_nodes": 164,
      "trigger_nodes": 10,
      "trigger_type": "uba_hybrid",
      "use_clique": true,
      "target_feature_boost": true,
      "max_trigger_size": 50
    }
  },
  "config": {
    "seed": 2,
    "data_dir": "./data",
    "output_dir": "./results_han_cross_dataset_5seeds",
    "save_results": true,
    "device": "cuda",
    "debug": false,
    "verbose": false,
    "dataset": "IMDB",
    "model": "HAN",
    "attack": "uba",
    "hidden_dim": 128,
    "num_heads": 4,
    "num_layers": 2,
    "dropout": 0.5,
    "num_bases": 8,
    "epochs": 200,
    "clean_epochs": null,
    "poison_epochs": null,
    "clean_probe_epochs": null,
    "lr": 0.01,
    "weight_decay": 0.0005,
    "patience": 50,
    "poison_save_best": "last",
    "poison_rate": 0.2,
    "trigger_size": 10,
    "target_class": 0,
    "trigger_strength": 3.0,
    "surrogate_epochs": 30,
    "num_inject": 200,
    "relation_mode": "hybrid",
    "target_feature_strength": 4.0,
    "aux_feature_strength": 6.0,
    "no_aux_clique": false,
    "defenses": "none,hr,unlearn",
    "pretrain_epochs": 50,
    "pretrain_lr": 0.005,
    "defense_epochs": 100,
    "defense_lr": 0.005,
    "defense_weight_decay": 0.0001,
    "detection_ratio": 0.2,
    "use_label_signal": false,
    "min_weight": 0.0,
    "max_downweight": 1.0,
    "unlearn_lambda": 1.0,
    "unlearn_samples": 256,
    "target_suppression": 0.2,
    "include_target_in_unlearning": false
  },