{
  "dataset": "DBLP",
  "model": "HAN",
  "attack": "clean_label",
  "seed": 2,
  "target_type": "author",
  "num_classes": 4,
  "target_class": 0,
  "poison_rate": 0.2,
  "trigger_size": 10,
  "attack_metrics": {
    "clean_acc": 0.8427419066429138,
    "backdoored_clean_acc": 0.7661290168762207,
    "clean_acc_drop": 0.07661288976669312,
    "clean_trigger_asr": 0.3005780279636383,
    "clean_trigger_clean_acc": 0.8799999952316284,
    "poisoned_asr": 0.7167630195617676,
    "poisoned_asr_clean_acc": 0.6666666865348816,
    "natural_target_ratio": 0.0,
    "learned_backdoor_gap": 0.4161849915981293,
    "n_poison_nodes": 146,
    "n_trigger_nodes": 10
  },
  "defenses": {
    "none": {
      "defense_clean_acc": 0.7661290168762207,
      "defense_asr": 0.7167630195617676,
      "defense_asr_clean_acc": 0.6666666865348816,
      "natural_target_ratio": 0.0,
      "defense_name": "NoDefense",
      "detection_precision": null,
      "detection_recall": null,
      "detection_f1": null,
      "asr_drop": 0.0,
      "utility_drop": 0.07661288976669312
    },
    "hr": {
      "defense_clean_acc": 0.8064516186714172,
      "defense_asr": 0.005780346691608429,
      "defense_asr_clean_acc": 0.6933333277702332,
      "natural_target_ratio": 0.0,
      "defense_name": "HeteroGuard-HR",
      "train_info": {
        "best_epoch": 19,
        "best_val_acc": 0.7883817553520203,
        "last_loss": 0.02522192895412445,
        "mode": "weighted",
        "hard_removed_train_nodes": 146,
        "use_trigger_unlearning": false
      },
      "detection_precision": 1.0,
      "detection_recall": 1.0,
      "detection_f1": 1.0,
      "suspicious_nodes": 146,
      "hard_removed_train_nodes": 146,
      "asr_drop": 0.7109826728701591,
      "utility_drop": 0.03629028797149658
    },
    "unlearn": {
      "defense_clean_acc": 0.725806474685669,
      "defense_asr": 0.0,
      "defense_asr_clean_acc": 0.5600000023841858,
      "natural_target_ratio": 0.0,
      "defense_name": "HeteroGuard-Unlearn",
      "train_info": {
        "best_epoch": 22,
        "best_val_acc": 0.7053942084312439,
        "last_loss": 0.06855002790689468,
        "last_clean_loss": 0.03487495705485344,
        "last_unlearn_loss": 0.033634744584560394,
        "last_suppress_loss": 0.00020165913156233728,
        "unlearn_samples": 256,
        "unlearn_lambda": 1.0,
        "target_suppression": 0.2,
        "mode": "weighted_unlearn",
        "hard_removed_train_nodes": 146,
        "use_trigger_unlearning": true
      },
      "detection_precision": 1.0,
      "detection_recall": 1.0,
      "detection_f1": 1.0,
      "suspicious_nodes": 146,
      "hard_removed_train_nodes": 146,
      "use_trigger_unlearning": true,
      "unlearn_lambda": 1.0,
      "unlearn_samples": 256,
      "target_suppression": 0.2,
      "asr_drop": 0.7167630195617676,
      "utility_drop": 0.11693543195724487
    }
  },
  "attacker_info": {
    "attack_name": "clean_label",
    "target_node_type": "author",
    "target_class": 0,
    "poison_rate": 0.2,
    "trigger_size": 10,
    "poisoned_node_indices": [
      3163,
      2262,
      2087,
      1501,
      4011,
      3306,
      2767,
      1381,
      3926,
      3231,
      1450,
      4016,
      2138,
      2121,
      233,
      1356,
      1279,
      4036,
      120,
      2929,
      2604,
      4034,
      1419,
      1762,
      2671,
      3097,
      2246,
      3017,
      3965,
      1491,
      2669,
      1320,
      3988,
      2261,
      2989,
      3142,
      1870,
      3663,
      2129,
      2532,
      2128,
      1620,
      4045,
      2094,
      3910,
      2567,
      1445,
      2100,
      1369,
      192,
      1404,
      2527,
      2800,
      2156,
      2740,
      3634,
      3159,
      3224,
      3646,
      3021,
      3178,
      3155,
      2149,
      2406,
      3020,
      3906,
      1474,
      1930,
      2851,
      3998,
      3977,
      4013,
      1965,
      2153,
      4002,
      1414,
      2768,
      2038,
      3043,
      3937,
      4025,
      1448,
      215,
      1943,
      2931,
      1421,
      2251,
      3022,
      2821,
      2726,
      1699,
      4037,
      251,
      2535,
      3309,
      3196,
      3008,
      1925,
      2520,
      3648,
      1906,
      1931,
      2723,
      2670,
      3902,
      2741,
      362,
      203,
      1150,
      3948,
      1832,
      3212,
      1861,
      1947,
      2616,
      2523,
      1323,
      1151,
      3140,
      3209,
      2573,
      2126,
      2587,
      1456,
      2051,
      2827,
      1376,
      1013,
      1923,
      4005,
      2237,
      2969,
      4009,
      2253,
      2948,
      3961,
      2275,
      3973,
      1367,
      1205,
      1292,
      3929,
      2022,
      3198,
      3200,
      1933
    ],
    "trigger_node_indices": {
      "paper": [
        14328,
        14329,
        14330,
        14331,
        14332,
        14333,
        14334,
        14335,
        14336,
        14337
      ]
    },
    "trigger_edge_types": [
      "('paper', 'to', 'author')",
      "('author', 'rev_to', 'paper')",
      "('paper', 'trigger_link', 'paper')",
      "('paper', 'rev_trigger_link', 'paper')"
    ],
    "target_feature_boost": true,
    "target_feature_strength": 4.0,
    "metadata": {
      "node_types": [
        "author",
        "paper",
        "term",
        "venue"
      ],
      "edge_types": [
        "('author', 'to', 'paper')",
        "('paper', 'to', 'term')",
        "('paper', 'to', 'venue')",
        "('paper', 'to', 'author')",
        "('term', 'to', 'paper')",
        "('venue', 'to', 'paper')",
        "('paper', 'rev_to', 'author')",
        "('term', 'rev_to', 'paper')",
        "('venue', 'rev_to', 'paper')",
        "('author', 'rev_to', 'paper')",
        "('paper', 'rev_to', 'term')",
        "('paper', 'rev_to', 'venue')"
      ],
      "target_node_type": "author",
      "num_classes": 4,
      "trigger_feature_dims": [
        31,
        950,
        955,
        3074,
        8,
        4065,
        2081,
        2358,
        2338,
        1866
      ],
      "target_feature_boost_dims": [
        63,
        23,
        321,
        295,
        135,
        222,
        152,
        242,
        64,
        170
      ],
      "poisoned_nodes": 146,
      "trigger_nodes": 10,
      "trigger_type": "clean_label_hybrid",
      "trigger_mode": "relation",
      "label_flipped": false,
      "target_feature_boost": true,
      "relation_edge_type": "('paper', 'to', 'author')"
    }
  },
  "config": {
    "seed": 2,
    "data_dir": "./data",
    "output_dir": "./results_han_cross_dataset_5seeds",
    "save_results": true,
    "device": "cuda",
    "debug": false,
    "verbose": false,
    "dataset": "DBLP",
    "model": "HAN",
    "attack": "clean_label",
    "hidden_dim": 128,
    "num_heads": 4,
    "num_layers": 2,
    "dropout": 0.5,
    "num_bases": 8,
    "epochs": 200,
    "clean_epochs": null,
    "poison_epochs": null,
    "clean_probe_epochs": null,
    "lr": 0.01,
    "weight_decay": 0.0005,
    "patience": 50,
    "poison_save_best": "last",
    "poison_rate": 0.2,
    "trigger_size": 10,
    "target_class": 0,
    "trigger_strength": 3.0,
    "surrogate_epochs": 30,
    "num_inject": 200,
    "relation_mode": "hybrid",
    "target_feature_strength": 4.0,
    "aux_feature_strength": 6.0,
    "no_aux_clique": false,
    "defenses": "none,hr,unlearn",
    "pretrain_epochs": 50,
    "pretrain_lr": 0.005,
    "defense_epochs": 100,
    "defense_lr": 0.005,
    "defense_weight_decay": 0.0001,
    "detection_ratio": 0.2,
    "use_label_signal": false,
    "min_weight": 0.0,
    "max_downweight": 1.0,
    "unlearn_lambda": 1.0,
    "unlearn_samples": 256,
    "target_suppression": 0.2,
    "include_target_in_unlearning": false
  },
  "runtime_sec": 49.47388935089111
}