{
  "dataset": "IMDB",
  "model": "HAN",
  "attack": "feature",
  "seed": 4,
  "target_type": "movie",
  "num_classes": 5,
  "target_class": 0,
  "poison_rate": 0.1,
  "trigger_size": 10,
  "attack_metrics": {
    "clean_acc": 0.4316546618938446,
    "backdoored_clean_acc": 0.42446044087409973,
    "clean_acc_drop": 0.007194221019744873,
    "clean_trigger_asr": 0.18000000715255737,
    "clean_trigger_clean_acc": 0.42307692766189575,
    "poisoned_asr": 0.949999988079071,
    "poisoned_asr_clean_acc": 0.5512820482254028,
    "natural_target_ratio": 0.0,
    "learned_backdoor_gap": 0.7699999809265137,
    "n_poison_nodes": 82,
    "n_trigger_nodes": 0
  },
  "defenses": {
    "none": {
      "defense_clean_acc": 0.42446044087409973,
      "defense_asr": 0.949999988079071,
      "defense_asr_clean_acc": 0.5512820482254028,
      "natural_target_ratio": 0.0,
      "defense_name": "NoDefense",
      "detection_precision": null,
      "detection_recall": null,
      "detection_f1": null,
      "asr_drop": 0.0,
      "utility_drop": 0.007194221019744873
    },
    "hr": {
      "defense_clean_acc": 0.4460431635379791,
      "defense_asr": 0.03999999910593033,
      "defense_asr_clean_acc": 0.4615384638309479,
      "natural_target_ratio": 0.0,
      "defense_name": "HeteroGuard-HR",
      "train_info": {
        "best_epoch": 11,
        "best_val_acc": 0.49632352590560913,
        "last_loss": 0.013999911025166512,
        "mode": "weighted",
        "hard_removed_train_nodes": 82,
        "use_trigger_unlearning": false
      },
      "detection_precision": 1.0,
      "detection_recall": 1.0,
      "detection_f1": 1.0,
      "suspicious_nodes": 82,
      "hard_removed_train_nodes": 82,
      "asr_drop": 0.9099999889731407,
      "utility_drop": -0.014388501644134521
    },
    "unlearn": {
      "defense_clean_acc": 0.4100719392299652,
      "defense_asr": 0.009999999776482582,
      "defense_asr_clean_acc": 0.29487180709838867,
      "natural_target_ratio": 0.0,
      "defense_name": "HeteroGuard-Unlearn",
      "train_info": {
        "best_epoch": 12,
        "best_val_acc": 0.46691176295280457,
        "last_loss": 0.016059478744864464,
        "last_clean_loss": 0.009870106354355812,
        "last_unlearn_loss": 0.006171213462948799,
        "last_suppress_loss": 9.079216397367418e-05,
        "unlearn_samples": 256,
        "unlearn_lambda": 1.0,
        "target_suppression": 0.2,
        "mode": "weighted_unlearn",
        "hard_removed_train_nodes": 82,
        "use_trigger_unlearning": true
      },
      "detection_precision": 1.0,
      "detection_recall": 1.0,
      "detection_f1": 1.0,
      "suspicious_nodes": 82,
      "hard_removed_train_nodes": 82,
      "use_trigger_unlearning": true,
      "unlearn_lambda": 1.0,
      "unlearn_samples": 256,
      "target_suppression": 0.2,
      "asr_drop": 0.9399999883025885,
      "utility_drop": 0.021582722663879395
    }
  },
  "attacker_info": {
    "attack_name": "feature",
    "target_node_type": "movie",
    "target_class": 0,
    "poison_rate": 0.1,
    "trigger_size": 10,
    "poisoned_node_indices": [
      3595,
      3988,
      774,
      2560,
      1358,
      990,
      1429,
      3049,
      2919,
      4242,
      4408,
      1113,
      921,
      680,
      1793,
      2163,
      3517,
      2166,
      2752,
      1218,
      2772,
      4575,
      634,
      1681,
      2393,
      1589,
      1001,
      657,
      1456,
      2239,
      1974,
      1295,
      3519,
      309,
      4598,
      2277,
      3017,
      2628,
      3465,
      2587,
      2413,
      757,
      1235,
      507,
      1693,
      4756,
      3307,
      4382,
      3449,
      1788,
      2715,
      2659,
      3136,
      1932,
      1022,
      3657,
      4762,
      3115,
      3432,
      815,
      761,
      603,
      4706,
      3706,
      645,
      2425,
      4718,
      4307,
      1863,
      3013,
      3796,
      2810,
      2868,
      2867,
      1107,
      1648,
      872,
      2256,
      557,
      4428,
      3763,
      3316
    ],
    "trigger_node_indices": {
      "movie": []
    },
    "trigger_edge_types": [],
    "target_feature_boost": false,
    "target_feature_strength": 4.0,
    "metadata": {
      "node_types": [
        "movie",
        "director",
        "actor",
        "keyword"
      ],
      "edge_types": [
        "('movie', 'to', 'director')",
        "('director', 'to', 'movie')",
        "('movie', '>actorh', 'actor')",
        "('actor', 'to', 'movie')",
        "('movie', 'to', 'keyword')",
        "('keyword', 'to', 'movie')",
        "('director', 'rev_to', 'movie')",
        "('movie', 'rev_to', 'director')",
        "('actor', 'rev_>actorh', 'movie')",
        "('movie', 'rev_to', 'actor')",
        "('keyword', 'rev_to', 'movie')",
        "('movie', 'rev_to', 'keyword')"
      ],
      "target_node_type": "movie",
      "num_classes": 5,
      "trigger_dims": [
        0,
        1,
        2,
        3,
        4,
        5,
        7,
        8,
        9,
        10
      ],
      "trigger_strength": 3.0,
      "poisoned_nodes": 82,
      "trigger_type": "feature_vector"
    }
  },
  "config": {
    "seed": 4,
    "data_dir": "./data",
    "output_dir": "./results_han_cross_dataset_5seeds",
    "save_results": true,
    "device": "cuda",
    "debug": false,
    "verbose": false,
    "dataset": "IMDB",
    "model": "HAN",
    "attack": "feature",
    "hidden_dim": 128,
    "num_heads": 4,
    "num_layers": 2,
    "dropout": 0.5,
    "num_bases": 8,
    "epochs": 200,
    "clean_epochs": null,
    "poison_epochs": null,
    "clean_probe_epochs": null,
    "lr": 0.01,
    "weight_decay": 0.0005,
    "patience": 50,
    "poison_save_best": "last",
    "poison_rate": 0.1,
    "trigger_size": 10,
    "target_class": 0,
    "trigger_strength": 3.0,
    "surrogate_epochs": 30,
    "num_inject": 200,
    "relation_mode": "hybrid",
    "target_feature_strength": 4.0,
    "aux_feature_strength": 6.0,
    "no_aux_clique": false,
    "defenses": "none,hr,unlearn",
    "pretrain_epochs": 50,
    "pretrain_lr": 0.005,
    "defense_epochs": 100,
    "defense_lr": 0.005,
    "defense_weight_decay": 0.0001,
    "detection_ratio": 0.1,
    "use_label_signal": false,
    "min_weight": 0.0,
    "max_downweight": 1.0,
    "unlearn_lambda": 1.0,
    "unlearn_samples": 256,
    "target_suppression": 0.2,
    "include_target_in_unlearning": false
  },
  "runtime_sec": 53.81381154060364
}