{
  "dataset": "DBLP",
  "model": "HAN",
  "attack": "feature",
  "seed": 2,
  "target_type": "author",
  "num_classes": 4,
  "target_class": 0,
  "poison_rate": 0.1,
  "trigger_size": 10,
  "attack_metrics": {
    "clean_acc": 0.8427419066429138,
    "backdoored_clean_acc": 0.7379032373428345,
    "clean_acc_drop": 0.10483866930007935,
    "clean_trigger_asr": 0.13294798135757446,
    "clean_trigger_clean_acc": 0.8666666746139526,
    "poisoned_asr": 0.884393036365509,
    "poisoned_asr_clean_acc": 0.7866666913032532,
    "natural_target_ratio": 0.0,
    "learned_backdoor_gap": 0.7514450550079346,
    "n_poison_nodes": 73,
    "n_trigger_nodes": 0
  },
  "defenses": {
    "none": {
      "defense_clean_acc": 0.7379032373428345,
      "defense_asr": 0.884393036365509,
      "defense_asr_clean_acc": 0.7866666913032532,
      "natural_target_ratio": 0.0,
      "defense_name": "NoDefense",
      "detection_precision": null,
      "detection_recall": null,
      "detection_f1": null,
      "asr_drop": 0.0,
      "utility_drop": 0.10483866930007935
    },
    "hr": {
      "defense_clean_acc": 0.8266128897666931,
      "defense_asr": 0.05780346691608429,
      "defense_asr_clean_acc": 0.8399999737739563,
      "natural_target_ratio": 0.0,
      "defense_name": "HeteroGuard-HR",
      "train_info": {
        "best_epoch": 16,
        "best_val_acc": 0.8215768337249756,
        "last_loss": 0.021245023235678673,
        "mode": "weighted",
        "hard_removed_train_nodes": 73,
        "use_trigger_unlearning": false
      },
      "detection_precision": 1.0,
      "detection_recall": 1.0,
      "detection_f1": 1.0,
      "suspicious_nodes": 73,
      "hard_removed_train_nodes": 73,
      "asr_drop": 0.8265895694494247,
      "utility_drop": 0.016129016876220703
    },
    "unlearn": {
      "defense_clean_acc": 0.8064516186714172,
      "defense_asr": 0.011560693383216858,
      "defense_asr_clean_acc": 0.800000011920929,
      "natural_target_ratio": 0.0,
      "defense_name": "HeteroGuard-Unlearn",
      "train_info": {
        "best_epoch": 19,
        "best_val_acc": 0.8008299469947815,
        "last_loss": 0.04398571327328682,
        "last_clean_loss": 0.028966546058654785,
        "last_unlearn_loss": 0.014935020357370377,
        "last_suppress_loss": 0.00042072523501701653,
        "unlearn_samples": 256,
        "unlearn_lambda": 1.0,
        "target_suppression": 0.2,
        "mode": "weighted_unlearn",
        "hard_removed_train_nodes": 73,
        "use_trigger_unlearning": true
      },
      "detection_precision": 1.0,
      "detection_recall": 1.0,
      "detection_f1": 1.0,
      "suspicious_nodes": 73,
      "hard_removed_train_nodes": 73,
      "use_trigger_unlearning": true,
      "unlearn_lambda": 1.0,
      "unlearn_samples": 256,
      "target_suppression": 0.2,
      "asr_drop": 0.8728323429822922,
      "utility_drop": 0.03629028797149658
    }
  },
  "attacker_info": {
    "attack_name": "feature",
    "target_node_type": "author",
    "target_class": 0,
    "poison_rate": 0.1,
    "trigger_size": 10,
    "poisoned_node_indices": [
      2551,
      1632,
      3318,
      2259,
      3826,
      2385,
      3600,
      2801,
      3610,
      3312,
      1012,
      719,
      681,
      139,
      1338,
      997,
      3776,
      2978,
      3738,
      1278,
      3109,
      1717,
      68,
      43,
      3460,
      1559,
      506,
      1991,
      3758,
      395,
      3475,
      3439,
      2592,
      7,
      2298,
      2878,
      882,
      590,
      1802,
      635,
      656,
      2711,
      441,
      748,
      1596,
      1034,
      1636,
      3602,
      338,
      2650,
      1238,
      1272,
      768,
      2017,
      862,
      2863,
      1638,
      1741,
      779,
      431,
      2117,
      921,
      466,
      2107,
      1119,
      931,
      3290,
      3380,
      3076,
      1585,
      438,
      598,
      1979
    ],
    "trigger_node_indices": {
      "author": []
    },
    "trigger_edge_types": [],
    "target_feature_boost": false,
    "target_feature_strength": 4.0,
    "metadata": {
      "node_types": [
        "author",
        "paper",
        "term",
        "venue"
      ],
      "edge_types": [
        "('author', 'to', 'paper')",
        "('paper', 'to', 'term')",
        "('paper', 'to', 'venue')",
        "('paper', 'to', 'author')",
        "('term', 'to', 'paper')",
        "('venue', 'to', 'paper')",
        "('paper', 'rev_to', 'author')",
        "('term', 'rev_to', 'paper')",
        "('venue', 'rev_to', 'paper')",
        "('author', 'rev_to', 'paper')",
        "('paper', 'rev_to', 'term')",
        "('paper', 'rev_to', 'venue')"
      ],
      "target_node_type": "author",
      "num_classes": 4,
      "trigger_dims": [
        63,
        23,
        321,
        295,
        135,
        222,
        152,
        242,
        64,
        170
      ],
      "trigger_strength": 3.0,
      "poisoned_nodes": 73,
      "trigger_type": "feature_vector"
    }
  },
  "config": {
    "seed": 2,
    "data_dir": "./data",
    "output_dir": "./results_han_cross_dataset_5seeds",
    "save_results": true,
    "device": "cuda",
    "debug": false,
    "verbose": false,
    "dataset": "DBLP",
    "model": "HAN",
    "attack": "feature",
    "hidden_dim": 128,
    "num_heads": 4,
    "num_layers": 2,
    "dropout": 0.5,
    "num_bases": 8,
    "epochs": 200,
    "clean_epochs": null,
    "poison_epochs": null,
    "clean_probe_epochs": null,
    "lr": 0.01,
    "weight_decay": 0.0005,
    "patience": 50,
    "poison_save_best": "last",
    "poison_rate": 0.1,
    "trigger_size": 10,
    "target_class": 0,
    "trigger_strength": 3.0,
    "surrogate_epochs": 30,
    "num_inject": 200,
    "relation_mode": "hybrid",
    "target_feature_strength": 4.0,
    "aux_feature_strength": 6.0,
    "no_aux_clique": false,
    "defenses": "none,hr,unlearn",
    "pretrain_epochs": 50,
    "pretrain_lr": 0.005,
    "defense_epochs": 100,
    "defense_lr": 0.005,
    "defense_weight_decay": 0.0001,
    "detection_ratio": 0.1,
    "use_label_signal": false,
    "min_weight": 0.0,
    "max_downweight": 1.0,
    "unlearn_lambda": 1.0,
    "unlearn_samples": 256,
    "target_suppression": 0.2,
    "include_target_in_unlearning": false
  },
  "runtime_sec": 45.980910539627075
}